ID,Incidence
6c06615,3497740.8
e0cf76e,3498734.5
e9f95f0,3496026.0
5dffe44,3494723.2
9f9ea9b,3496299.2
6896488,3497638.2
876b028,3502116.8
7ce72e2,3503111.2
9cd2749,3500403.0
84719e8,3499100.2
22ae4c5,3500675.8
18a4727,3502014.2
0c22b19,3560612.5
6482a24,3560180.2
ecefe76,3561238.0
d6c69da,3560315.0
eb5d6cb,3560522.2
403aca5,3560011.8
a2b95d6,3537112.5
a1908a8,3536713.2
505415e,3537730.0
f786e41,3536852.5
8f00430,3537042.8
7b1c086,3536478.0
8121180,3551722.2
0e04943,3551934.8
96eee48,3552272.8
ffd7748,3552219.8
3e6ac0c,3551872.2
e6616d1,3551306.2
7b252b3,3551345.8
0c7ff70,3551561.8
76b1fbc,3551895.8
8d795b9,3551860.8
30f3314,3551506.8
e0765bb,3550886.2
15d61cd,3539373.2
d7351a4,3539589.2
a02a8c9,3539922.5
f35189b,3539888.2
6f45b0a,3539534.0
ee3fc13,3538913.5
c913d68,3540874.8
4dec7bf,3541090.2
daaff37,3541424.2
e5a07d3,3541389.8
efd06d0,3541035.2
c037c6b,3540415.2
1110030,3552727.0
6ce4789,3552943.0
c5eb9ac,3553276.8
76d7382,3553242.2
9a3ba7e,3552888.2
f200b42,3552267.8
1c4e1dc,3552230.0
aa0d75e,3552445.8
fd1647d,3552779.8
4fb9ace,3552745.2
a26e712,3552391.2
b0179d2,3551770.2
23043db,3563980.2
655708c,3564193.2
2187861,3564531.5
06e7330,3564478.5
ee7f0e4,3564130.8
2d72e8f,3563564.8
e250a73,3552324.8
b21c05b,3552541.2
9b375a0,3552874.5
68e4a96,3552840.2
89b9241,3552486.2
05c79d9,3551865.8
5c825db,3576486.5
b9e498c,3576702.2
60895de,3577035.8
f5cfb0a,3577001.2
8363c20,3576647.2
cb7a4a3,3576026.8
4cc27bd,3537432.5
c43f8b3,3537648.8
689a8af,3537982.2
4092aca,3537947.8
6bb2b7e,3537593.8
49276dd,3536972.8
e82d3eb,3562156.2
fa9d74c,3562372.2
d2f7027,3562705.8
52dadec,3562671.2
f6a42a9,3562317.2
9301297,3561696.2
e390ed9,3542736.0
495c3ec,3542951.8
0f6a44d,3543285.8
9509b6f,3543251.0
aeed999,3542896.8
0c3b4fb,3542276.5
2187382,3539606.8
0cb37bd,3539823.0
095a94a,3540156.2
4ba2ebb,3540121.8
22a1bcb,3539767.8
f53493d,3539147.2
e0929cc,3559777.0
834618e,3559993.0
2d50839,3560326.2
84c14e8,3560291.8
4529661,3559938.0
8ba2c39,3559317.2
87079ae,3531942.2
438ff1c,3532158.2
0c2f158,3532491.8
755b4ae,3532457.2
b6d2c41,3532103.2
af14618,3531482.8
9ea1b14,3574187.5
ef7ae73,3574403.8
f9569e3,3574737.2
a1ca768,3574702.8
3774bea,3574348.5
8b6872c,3573728.2
cbad409,3567521.0
89387b9,3567737.0
baa37ae,3568070.8
397e0ae,3568036.0
1894aa7,3567682.2
f52ecfb,3567061.2
9708875,3596338.2
40ce2dc,3596550.8
9e86ad6,3596888.8
53426d9,3596835.8
2f30ecc,3596488.0
9d0482e,3595922.2
7a90863,3604791.2
a222508,3605003.8
457799c,3605341.8
eeb34b0,3605288.8
6df2fc5,3604941.8
b1d9a16,3604375.2
afd2c53,3579649.2
06991bb,3579862.0
94e53cf,3580200.2
e7d4a10,3580147.2
5d3e109,3579799.8
c02b98e,3579233.5
da27ff6,3592730.5
409d597,3592942.8
e76c65e,3593280.8
2a6a894,3593228.2
0a5999f,3592880.8
0afd027,3592314.5
f982966,3603945.2
c5cff8c,3604157.8
aca3a7b,3604495.8
1d3cebf,3604443.2
ec7fcc8,3604095.2
c642027,3603529.2
6f4e16d,3602261.5
8cbfd5c,3602474.2
ebec1c2,3602812.8
a293fd7,3602759.8
4003359,3602412.0
f2168a5,3601845.8
5350ec2,3642494.0
f654396,3642706.8
0841eb5,3643044.5
97d55fa,3642992.0
28751c5,3642644.2
10611eb,3642078.0
779c31a,3639406.0
1ca6d63,3639618.5
5308adb,3639956.8
72aca77,3639904.0
2de2077,3639556.2
c386017,3638990.2
4644019,3638547.8
755df05,3638760.2
9d314e3,3639098.8
216c726,3639045.8
f661616,3638698.0
8b31800,3638132.2
2b337b9,3351983.8
e0b2889,3352132.8
2aff575,3352589.5
6e12e5f,3352611.2
0dfeed6,3352120.8
a5b56ed,3351494.2
0aeb368,3403039.2
ca4019d,3403237.2
c9ab59b,3403568.8
d8520d0,3403592.8
caa0336,3403225.5
379219b,3402568.0
47c9d81,3385015.2
5ced535,3385213.2
f084d05,3385544.8
fa2061e,3385568.2
b07f33e,3385201.2
a77b481,3384543.8
0434a3d,3420731.0
ca691f9,3420929.2
def157f,3421260.8
d6dd9b4,3421284.2
ec2a679,3420917.0
1a23cc5,3420259.8
a4d7800,3394971.8
95e64ba,3395165.5
fcc0004,3395503.5
7ab2b5f,3395522.8
73f5474,3395154.2
ece0bef,3394501.8
1bc4433,3451849.2
505b02b,3452047.2
972b512,3452378.8
ce48e10,3452402.8
a33b551,3452035.2
71a8e05,3451378.0
16465c1,3395780.0
4551fa3,3395978.0
96d907a,3396309.8
1059061,3396333.2
83389f9,3395966.0
70ca270,3395308.8
132c243,3473905.8
7ad868d,3474103.5
be2b8ca,3474435.2
68ec7ba,3474458.8
02dabd6,3474091.2
2f3fd0e,3473434.2
73142ee,3435465.2
43486df,3435663.2
af17a9d,3435995.2
d801988,3436018.8
78c10fb,3435651.5
b22ef7f,3434994.2
ef24e7f,3456316.2
d197d26,3456514.2
77c6ece,3456846.0
070e6f1,3456869.8
9efaf4c,3456502.2
019a08e,3455844.8
21b1c9f,3427890.8
986c331,3428088.8
a51f3ed,3428420.2
31fe347,3428444.2
27a2ab0,3428077.0
bdcedec,3427419.2
006856b,3471149.2
51928a1,3471347.2
75fa097,3471678.8
55f7e1a,3471702.8
2bdd35e,3471335.2
8025e9f,3470677.8
56ffb40,3468280.2
615a480,3468477.8
769630a,3468809.5
aceb872,3468833.5
1567e81,3468466.2
1565b10,3467808.8
97eca49,3457862.5
76d8335,3458060.8
5496be4,3458392.5
079fd33,3458416.0
3b7babe,3458048.5
830f896,3457391.2
4ef308c,3498718.8
f1215b9,3498916.8
e54d0c4,3499248.2
e7feb07,3499272.2
c42d89c,3498904.8
0fa8ee1,3498247.2
e443efe,3460161.2
4a8adff,3460359.2
75476dc,3460690.8
ef3f196,3460714.8
bbdd023,3460347.0
11dabcc,3459690.0
6bd66a0,3448899.0
4891d81,3449097.0
7e695bf,3449428.8
09fd59d,3449452.2
42c09bd,3449085.0
584d418,3448427.8
01063a6,3502240.0
a032ab9,3502438.2
64e02f3,3502769.8
1dfb4ad,3502793.5
aff7030,3502426.0
9d4e995,3501768.8
1d239e0,3469784.8
924bc5a,3469982.8
c3722df,3470314.2
2c0a3cf,3470338.0
87ab97d,3469971.0
1096910,3469313.2
55fa901,3532677.8
c1702cb,3532893.8
e379504,3533227.2
783e057,3533193.0
6d10917,3532839.0
93adacb,3532218.2
db7a6a3,3501217.2
570d4b6,3501415.2
8850167,3501746.8
dfc13a5,3501770.8
9e85e80,3501403.2
5a2934c,3500745.5
4e98783,3543331.8
cd95ada,3543547.5
4305cd1,3543881.2
8baf2e1,3543846.8
f5d29f8,3543492.8
551ee64,3542872.0
85c2a82,3518330.8
e9289d8,3518546.8
261f78e,3518880.2
56a3744,3518845.8
fd69d2c,3518491.8
c5d7282,3517871.2
a4d4650,3554309.5
8b2731a,3554525.2
6802d71,3554859.2
98213c0,3554824.2
218ebe2,3554470.2
fb93b5f,3553849.8
f2f536b,3550492.2
14860e7,3550708.2
f7e2f1b,3551041.8
d674788,3551007.2
c6bad08,3550653.5
5589c38,3550032.8
287c19b,3557577.2
3e194a5,3557793.2
02b3ba7,3558126.8
ae0cb88,3558092.2
eebcb26,3557738.2
cded2ab,3557117.8
21ca46d,3578934.2
6385b09,3579150.2
f155189,3579484.2
afd775c,3579449.8
d8537a6,3579095.5
65c81b1,3578475.2
c75a1da,3587448.8
16e7d3f,3587661.0
e3922f4,3587999.2
328e50f,3587946.2
7428a25,3587598.5
bf3ce63,3587032.2
a4dfe68,3600619.0
7935657,3600831.8
1b6013b,3601170.2
d302f61,3601117.0
bc251c8,3600769.0
b0676ac,3600203.2
c112573,3614196.8
ea12f66,3614409.2
9e7b3f6,3614747.8
62b0529,3614694.8
de655f6,3614347.2
0aa57c8,3613781.0
dcaf397,3497740.8
8d8a8fa,3498734.5
5e78b01,3496026.0
51509f1,3494723.2
7320d87,3496299.2
85ae3ce,3497638.2
5eba476,3502116.8
a44f659,3503111.2
27ebf99,3500403.0
39b5598,3499100.2
ded1b3a,3500675.8
6daa2bc,3502014.2
469db6d,3506493.8
f215fb3,3507488.0
537c41e,3504779.2
cfc80d2,3503476.8
976698e,3505052.2
a9f3eea,3506391.0
40f420c,3510870.2
039d32c,3511864.2
ab64c01,3509155.8
5583069,3507853.2
07f551e,3509428.8
04ca339,3510767.8
e4e2915,3515246.8
4506929,3516241.0
394a10b,3513532.2
26d6c16,3512229.8
15ead00,3513805.2
540bba4,3515144.2
8298c39,3519623.2
7f9ddec,3520617.2
77a3906,3517908.8
90f3ebc,3516606.2
f7b1542,3518181.8
bb10131,3519520.2
9eed0c2,3523999.8
700a6a8,3524994.2
baa3dc5,3522285.2
76a3c2a,3520983.0
9e2e0d2,3522558.2
e850603,3523897.2
ec35891,3528376.2
61a2588,3529370.8
b74092b,3526662.0
3770bbc,3525359.5
14f6dcf,3526935.0
f523f4c,3528273.8
1382ee5,3518432.5
6aedba6,3518033.2
80d1c37,3519050.0
17bbf1d,3518172.2
c81cc59,3518362.8
a11a275,3517798.0
814f04c,3529825.2
6abe1b8,3529425.2
da0e6a8,3530442.2
ee2a31e,3529565.0
2055a80,3529754.8
8fdd1e8,3529190.0
cf9ca45,3534645.2
a38a128,3534861.2
f99e392,3535195.0
8d91e08,3535160.2
3a5e13a,3534806.2
a92d8a9,3534185.5
eeb67df,3537885.5
95782e1,3538101.5
f2415c7,3538435.2
2423025,3538400.5
27df248,3538046.2
53e301a,3537425.8
e356faa,3536773.8
78bf9cb,3536989.8
cb404e7,3537323.5
1ab14cb,3537289.0
d80ac7e,3536934.8
493becc,3536314.5
38e2a89,3553327.0
8fed3c2,3553543.0
237a1f6,3553876.8
2e0ce4f,3553842.0
769f318,3553488.2
0486128,3552867.2
915e47c,3546829.2
d2cad09,3547042.2
16698d4,3547380.0
bfe174a,3547327.5
9f96595,3546979.5
629cb5d,3546413.2
010a375,3557344.2
982580c,3557560.0
76c0dd5,3557893.8
075df2a,3557859.2
c49d6f5,3557505.0
937193c,3556884.8
ff8178e,3552556.5
009b792,3552772.2
bc14e30,3553105.8
6cdc5d9,3553071.2
8caad1f,3552717.2
3f42f90,3552127.2
1c81cb3,3570668.2
5a4a47e,3570884.2
6c2a8fa,3571218.0
24718b3,3571183.2
125784e,3570829.2
f17688a,3570208.8
5ac3100,3598692.8
e37c2c3,3598908.8
79f8305,3599242.2
7aaf0d9,3599207.8
2674aa3,3598854.0
e32bd5b,3598233.2
1814427,3584592.2
fc2850e,3584805.0
a372567,3585142.8
a2bb60d,3585090.0
2014fce,3584742.5
99fd4b3,3584176.2
f38fb98,3618757.0
dc94af5,3618969.5
5450f08,3619307.2
70afe40,3619254.8
56d4cf8,3618906.8
78a28c0,3618340.8
13d46be,3603024.5
ad2616c,3603237.5
b497065,3603575.2
10410fa,3603522.8
8d2cd13,3603174.8
188b356,3602609.0
2cd369c,3606637.8
10206a2,3606850.5
91bf3e6,3607188.2
ebaffe0,3607135.8
c1e2b10,3606788.0
5899256,3606221.8
6adcdc4,3615126.8
0e8d54e,3615339.5
0bcb7c0,3615677.2
f91616e,3615624.5
0903bfe,3615276.8
4ed6542,3614711.0
2930c6c,3615446.8
62fa7c9,3615659.5
31154c3,3615997.2
3caee94,3615944.5
5d99570,3615596.8
6df31c4,3615030.8
a40c575,3609010.2
901eafd,3609223.2
fb6d509,3609561.2
dacebb8,3609508.2
b51d6b2,3609160.8
c6fec4f,3608594.5
5ad11f6,3637715.0
8ff3d00,3637927.8
93d172e,3638266.2
2920675,3638213.2
90c1b37,3637865.2
e54953c,3637299.2
413461a,3619314.8
1b4d6b2,3619527.8
a144f4c,3619865.8
ebaee1e,3619813.0
1edc88a,3619465.2
c9b66c8,3618899.0
f4feb9d,3634253.8
7ef1f98,3634466.8
ba415d2,3634804.5
a503bc9,3634751.8
a155ae0,3634404.0
3c09780,3633838.0
e237dfa,3631384.8
3d594eb,3631597.2
43ed96b,3631935.2
04e5fb5,3631882.2
2a27a05,3631534.8
c39b801,3630968.8
fd881a0,3534603.0
a1a3641,3534818.8
072d1c5,3535152.5
25a41fe,3535118.0
d31dea4,3534763.8
e505318,3534143.2
af0392c,3526537.8
44752bd,3526753.8
85f865b,3527087.2
9fafc3b,3527052.8
b596581,3526698.8
c3bc166,3526078.2
1b94497,3538130.2
f4c528b,3538346.2
64d3624,3538679.8
f2cc9e8,3538645.2
a0d4e19,3538291.2
43a1f14,3537670.5
b6faf44,3542482.0
d67fa4e,3542698.2
91b1a56,3543032.0
2bd5ba6,3542997.2
4ec84ce,3542643.2
fc273e0,3542022.8
ac2e29f,3534757.2
793b0ae,3534973.2
e7a688d,3535307.0
044d71e,3535272.2
8936e40,3534918.5
2bbfa34,3534298.0
13ef427,3530981.2
d00e3ff,3531197.2
ba3ce97,3531530.8
939194e,3531496.2
6667289,3531142.2
50d0a63,3530521.8
662f7d8,3546003.8
cf2f36d,3546220.0
e22d811,3546553.5
8d79951,3546519.0
8aec6e8,3546164.8
187c670,3545544.5
fcfdc71,3527613.5
f73e8ff,3527829.2
a251d89,3528163.0
7c76260,3528128.5
d9bd1a8,3527774.5
b6bb878,3527153.8
0206db6,3540046.2
90f5783,3540262.2
0d6b10c,3540595.8
bb2c8ed,3540561.2
97e41ed,3540207.2
ff810a4,3539586.8
b9a7cd2,3528255.8
7cc70ec,3528471.8
9024261,3528805.2
29a885c,3528771.0
19ac7af,3528416.8
70692b1,3527796.2
53e02a1,3529278.2
ad27f64,3529494.2
970ea49,3529827.8
0d45c94,3529793.8
f641c89,3529439.2
99fed41,3528819.0
3473d0f,3547139.2
28f6bf5,3547355.5
89e754e,3547689.2
2f56e8b,3547654.5
b6dd8d5,3547300.5
0acb707,3546680.0
e5f7f5f,3545954.8
06136b1,3546170.8
4649a28,3546504.5
4e74ac1,3546470.2
24b55ad,3546116.2
ad78de5,3545495.2
04b5808,3563597.5
88917e1,3563813.5
267e59a,3564147.0
d108987,3564112.5
e9ec841,3563758.5
45c22fd,3563137.8
bcdb1ef,3563880.2
93ce972,3564093.2
63e1c01,3564431.2
afc5364,3564378.5
550cbaf,3564030.8
fb2acc4,3563464.8
ec9388b,3572953.2
a9145f1,3573166.0
e5b3a0a,3573504.0
7b7725f,3573451.2
8ebebcf,3573103.5
8dc9457,3572537.2
88d24dc,3585700.8
a610d85,3585913.8
35b8343,3586251.8
bf0a3c4,3586198.8
d0b2596,3585851.0
f9d46b9,3585285.2
5ffd7e1,3584661.0
351c827,3584873.8
9594a79,3585211.8
ed89f40,3585158.8
7d681aa,3584811.2
b4a4d24,3584245.0
210b377,3593747.8
7623502,3593960.2
8ba85fe,3594298.5
3896a67,3594245.8
ee24efb,3593898.0
4669f60,3593332.0
6894dc4,3612435.8
93e7d2d,3612648.2
80ae8c3,3612986.8
416a426,3612933.8
f33523c,3612586.0
126f82d,3612020.0
9a8ba45,3608653.8
a1f91e7,3608866.5
af10ed0,3609204.2
f271df5,3609151.8
1fe3b48,3608804.0
a4615bc,3608237.8
4bcf457,3623756.8
2310dda,3623969.2
a5b3ce3,3624307.0
2531708,3624254.8
64f84c5,3623906.8
1bdc33b,3623340.2
8d6250d,3636830.8
5cf50cc,3637043.5
043ec93,3637381.2
4809ee9,3637328.2
e966a41,3636980.8
9c69d4a,3636414.8
776f8c1,3629778.0
1077ac0,3629990.5
de1dec7,3630328.8
f4058e8,3630275.8
79d0466,3629928.0
344041f,3629362.0
7188c07,3627699.2
a5d2fa4,3627912.0
c4873ac,3628250.0
343f2f2,3628197.2
537ae62,3627849.5
66bbc04,3627283.2
739123c,3623634.5
59ba538,3623847.2
8569843,3624185.5
55e1798,3624132.5
7d59400,3623784.8
b83baad,3623218.8
08de83a,3613963.5
06fb43f,3614176.5
33a2633,3614514.2
11c8ada,3614461.8
2122ea5,3614114.0
e488a74,3613548.0
f4f3fc5,3630897.2
98ba478,3631109.8
91fc5ea,3631448.0
e4b7bff,3631395.5
269d5f5,3631047.5
5e87ed3,3630481.8
08803d3,3636197.5
520bc05,3636410.2
dc92e6d,3636748.5
7232204,3636695.5
94d431f,3636347.8
4583c62,3635781.8
900f72c,3662734.5
47090d9,3662947.0
54e4df0,3663285.2
3a78b58,3663232.8
a299005,3662884.8
f9554af,3662318.5
b8515dc,3510152.5
6bba15b,3510368.8
e16a3c6,3510702.2
90c82ac,3510667.8
52c8be2,3510313.8
8ae0253,3509693.2
380f046,3519059.2
417fe30,3519275.8
2169b3b,3519609.2
2d029d1,3519574.2
7bf6309,3519220.2
42f87b4,3518600.2
3d28bae,3518097.0
95067c9,3518312.8
652c089,3518646.2
7647779,3518612.2
f100720,3518257.8
d0eb27d,3517637.2
300de3d,3519053.2
9cece62,3519268.8
1eb9792,3519602.5
1df5085,3519568.2
5cbb637,3519214.0
0ffe6eb,3518593.2
c3faade,3529482.0
e35507c,3529698.2
ebee31c,3530031.8
dbda5c9,3529997.2
ae68cdb,3529643.2
ad87bf0,3529022.8
9ac146e,3533265.2
5e0f27c,3533481.2
927d69a,3533815.0
b8a5d4d,3533780.8
be4deab,3533426.2
7819852,3532806.0
6ca1ab2,3530285.2
cbb99f0,3530501.2
0e8bee5,3530835.2
1be9f88,3530800.5
047a439,3530446.8
095755d,3529825.8
7d2e092,3536580.5
a9d71c5,3536796.5
b0ef410,3537130.2
b16a2d8,3537095.5
f5209bf,3536741.5
29a2b6f,3536120.8
28cc22e,3530696.0
93bb035,3530911.8
0ff10e6,3531245.8
44d130a,3531210.8
3dc02c6,3530857.0
b98a08f,3530236.5
2b1ad0e,3534704.0
2bb68ae,3534920.0
fb02738,3535253.5
8a32d2b,3535219.2
0b82138,3534864.8
5e3b8d7,3534244.5
193ad73,3527830.5
929f4e3,3528046.8
06c9666,3528380.0
b5864a4,3528345.8
ed4c6b5,3527991.5
f26eb37,3527371.0
aaf9992,3536874.2
4894d11,3537090.2
ffae623,3537423.8
60f1482,3537389.5
6b461b9,3537035.2
b8840c4,3536414.8
b4350db,3534405.8
1ebd5c0,3534622.2
b46962a,3534955.8
b0df938,3534920.8
c32a0bf,3534567.2
ad4a2ac,3533946.2
9f13744,3544549.5
bb2781d,3544765.2
8c2549d,3545099.2
27a839f,3545064.5
3b3bcf2,3544710.2
7effe57,3544090.0
0aa8c36,3540318.8
0f9c072,3540535.0
4918c10,3540868.5
535d33c,3540834.2
7513dcc,3540480.0
79205a9,3539859.5
1ec612f,3562484.5
665c96f,3562697.2
d50c6d6,3563035.5
e1db582,3562982.8
f227a61,3562634.8
6be9aeb,3562068.8
5160b3d,3530621.2
9d446cf,3530837.8
e023963,3531170.8
d0e2efe,3531136.5
168f283,3530782.2
f0315fd,3530162.2
b8b94e6,3580613.2
d18570d,3580826.2
d6db55b,3581164.0
92c0daf,3581111.2
c0973b2,3580763.5
e01af88,3580197.2
f6308d8,3571482.8
4f45bfb,3571695.2
39ba29e,3572033.0
045f712,3571991.2
51d94c4,3571637.2
1e7114e,3571066.8
6c64c1b,3611454.5
3f4d998,3611667.0
472ce0c,3612005.2
1c54eb4,3611952.2
0654cbb,3611604.5
6e9cff8,3611038.8
7048243,3604353.8
b5bbdb4,3604566.8
dfe56db,3604904.8
0b668b5,3604852.2
1ad6a59,3604504.2
5e1e1b5,3603938.0
1c8035b,3626564.0
35c9161,3626776.8
fb3e42c,3627114.8
6d32358,3627061.8
aca11ac,3626714.5
2ab2a00,3626148.2
8ca228a,3619340.8
0630751,3619553.8
af8d359,3619891.8
3896c31,3619838.8
3a94cc2,3619491.0
a3000be,3618925.0
680a394,3613524.2
f633fc6,3613736.8
f68f65d,3614074.8
5fa3e62,3614022.2
d038b89,3613674.2
4789d8d,3613108.2
4582512,3638174.8
2bd5207,3638387.0
456d1a1,3638725.2
4733310,3638672.2
ab52d54,3638324.8
aecda2c,3637758.8
bd7dc26,3622976.5
26bd45b,3623189.0
3be0180,3623527.2
83ef4b3,3623474.2
cd8bf7e,3623126.8
f6b232b,3622560.8
1439902,3641846.2
efe2a55,3642058.8
e9be2e6,3642397.2
293eff9,3642344.2
8f873d6,3641996.5
9dad691,3641430.2
761b987,3646474.2
b00e6e7,3646686.8
92c9e6d,3647024.5
209894d,3646971.8
e3c2224,3646624.2
3213ea1,3646058.0
8689412,3648688.5
9ae5ae5,3648901.2
0e9d117,3649239.2
a961b17,3649186.5
0488a30,3648838.8
98a47c7,3648272.5
5ec6f0d,3659960.2
6cdd701,3660173.0
558b14c,3660511.2
7e973f9,3660457.8
3ca68ee,3660110.2
822cea2,3659544.5
a4b0162,3566016.5
302d8cb,3566229.2
5758c54,3566567.5
ce52a0e,3566514.5
9ee5f69,3566167.0
a77723b,3565600.8
fb6c009,3522060.8
e1bbdaf,3522276.8
05435e8,3522610.2
208d647,3522575.8
0540725,3522221.8
6271537,3521601.0
0015a2d,3536702.5
f43af6c,3536918.8
457d9e5,3537252.2
5f55fae,3537217.5
73b59df,3536863.8
88208e2,3536243.0
37796fd,3524287.2
b499644,3524503.2
16e83be,3524837.0
b20c73e,3524802.2
abc5fbc,3524448.2
796cc6f,3523827.8
980e147,3599502.8
e24abe7,3599715.2
8ef3ba1,3600053.5
a19a474,3600000.8
875594a,3599653.0
d44ef2b,3599086.8
c13ec0f,3559428.8
1e05299,3559641.2
8e3f62b,3559979.2
c7d850d,3559926.2
19069c4,3559578.8
836a2f4,3559012.8
e9c7e93,3621723.2
514817b,3621935.5
9366f7a,3622273.8
e750482,3622220.8
c76478a,3621873.2
9dbe199,3621306.8
5b4b054,3557709.2
20dd7a3,3557921.8
73a67aa,3558259.8
cd46512,3558207.0
206ac29,3557859.5
5f76aae,3557293.2
6b86d03,3591324.8
61f2379,3591537.2
eac1241,3591875.5
4b2a86f,3591822.2
939150e,3591474.8
e08ca3d,3590908.8
0f1020f,3574049.5
b278717,3574262.2
84862a6,3574600.5
ba14c9e,3574547.8
2aaeaa8,3574199.8
6cd0340,3573633.8
02dc52f,3583159.5
23eae23,3583372.0
45cc14a,3583710.2
47945a7,3583657.5
afbebd9,3583309.5
34c51ca,3582743.2
ec2a1e7,3585211.5
74c1fba,3585424.2
1a1c7a4,3585762.0
db49687,3585709.2
4c9a69e,3585361.5
02f0fbf,3584795.2
a14536d,3553843.2
e4544a8,3554055.8
d4a9625,3554394.2
3c4f957,3554341.2
deb2089,3553993.2
de0f481,3553427.2
33ae310,3561004.2
316af48,3561220.0
bf3ec58,3561553.8
acf9be2,3561519.2
e251e77,3561164.8
053edf6,3560544.2
e48bdaa,3551136.2
8be8457,3551352.8
b3c0d78,3551686.0
9719996,3551651.8
c84c805,3551297.2
19e2490,3550677.0
908f18c,3559679.5
c1016ab,3559895.2
5c45e3e,3560228.8
5df6cae,3560194.5
02722ca,3559840.5
6254013,3559220.0
2027d8a,3596675.0
7714527,3596887.5
e16f82d,3597225.8
35e9a2f,3597172.8
206ca46,3596825.2
9d2247d,3596259.0
96d79c8,3616655.8
a424e85,3616868.2
21f1bbd,3617206.2
87c8537,3617153.5
1786406,3616805.8
23c6143,3616239.8
fce0e51,3627844.2
cc57977,3628056.5
58932fd,3628394.8
01316a1,3628341.8
4966608,3627994.0
5a191da,3627428.2
00d88b3,3652336.2
b750436,3652548.8
fb64d57,3652887.0
050b749,3652834.2
3b4f9d1,3652486.2
4734f2e,3651920.2
d8628cc,3629036.2
1dc524e,3629248.8
f9aa114,3629586.8
743547e,3629533.8
bf5eca8,3629186.2
c9eec87,3628620.2
a64b113,3636123.5
fe5b73c,3636336.2
53e8757,3636674.5
0d2a363,3636621.2
1e3e88b,3636273.8
4e61325,3635707.8
8179def,3636645.5
46a956c,3636858.0
ba07700,3637196.2
61aa616,3637143.2
759702d,3636795.8
f10cec5,3636229.8
ecc7e5b,3626040.2
957dd8a,3626252.5
ee121b6,3626590.8
8a815b2,3626538.0
92806bf,3626190.2
4cb33fd,3625624.5
76ff37d,3662654.2
d3d859f,3662867.0
b2b5965,3663204.8
cb6ce80,3663152.2
628722c,3662804.5
6b6f234,3662238.2
8e1405f,3582105.0
8ba8c0b,3582317.8
b35ba94,3582655.8
8d8aa0e,3582602.8
2777446,3582255.2
7576b66,3581689.0
7b44356,3661656.8
2591e59,3661869.8
7f33c2a,3662207.8
f73dc5f,3662155.0
817d0bb,3661807.2
e16183f,3661241.2
80055f0,3615277.5
c47ee03,3615489.8
5c995fe,3615828.0
ee9984e,3615775.5
4e34da4,3615427.2
6815f60,3614861.8
7dbdd5c,3650816.2
c1db3d8,3651029.0
48093bc,3651367.0
e6175cc,3651314.2
923bc64,3650966.8
a4b0075,3650400.5
fee24e6,3673431.5
9f565f7,3673644.2
24814f5,3673982.2
f0329bc,3673929.5
03a95b6,3673581.8
ccf612a,3673015.8
b333ef3,3497740.8
33b5ed0,3498734.5
3b148a7,3496026.0
38f366b,3494723.2
d104067,3496299.2
1ab691c,3497638.2
28f2066,3502116.8
da411f6,3503111.2
601b4db,3500403.0
e541785,3499100.2
de5d36c,3500675.8
2040b04,3502014.2
e8f674f,3506493.8
d582d11,3507488.0
4eaeee1,3504779.2
dbc481f,3503476.8
f611641,3505052.2
8900893,3506391.0
d26529a,3424725.8
84e1905,3424313.2
9fbddcb,3425325.2
c13da2e,3424516.5
8b5a4f5,3424686.0
fa601f6,3424081.2
7df2c70,3421577.8
bdf5ba6,3421162.2
c27c0d5,3422181.8
8407afe,3421412.0
fdb1165,3421540.8
6c1f3a4,3420926.2
7e44ae8,3455005.5
95b60e5,3455203.8
e264ada,3455535.2
60cde2c,3455559.0
6cc9eaa,3455192.0
9ea0259,3454534.2
fca2490,3472627.8
441d702,3472821.0
fc0fe75,3473159.2
c494f32,3473178.2
fbab97d,3472809.8
a93849d,3472157.2
e3e4159,3475765.5
9e017f2,3475963.0
ab5c56f,3476294.8
1a02d90,3476318.8
b99ce08,3475951.2
e1e0b3a,3475293.8
f33bca5,3504828.5
ccf076f,3505026.8
44792c8,3505358.0
8162a12,3505382.0
84f2f32,3505014.8
8371682,3504357.2
9f9c0c2,3490009.0
fb6598a,3490202.8
f7d9583,3490540.8
22332fc,3490559.8
74e0d52,3490191.5
2a53e73,3489538.8
8bd16fc,3498689.8
bdf22ea,3498888.0
115d9f0,3499219.5
f42b85f,3499243.2
40beea5,3498876.0
5a98d82,3498218.5
0dfce8e,3492931.2
a21c686,3493129.2
6ae7628,3493460.8
d9e7953,3493484.5
ad449fa,3493117.2
9c44a6d,3492459.8
cbf5f64,3505153.8
1b66b37,3505351.5
70935de,3505683.2
e54ba45,3505707.2
96ab2a0,3505339.8
649d615,3504682.5
5d5cbbb,3522056.2
731acd6,3522254.5
4b55f29,3522586.0
e856648,3522609.8
514f400,3522242.5
330b5f1,3521584.8
cb83102,3511452.8
d49ff58,3511650.8
03b0da3,3511982.8
45acecf,3512006.5
caaf559,3511639.2
8b8b367,3510981.8
39c01c2,3537173.2
5d8223a,3537389.5
2044c8c,3537722.8
ca7a14d,3537688.2
3833f61,3537334.2
afdf06b,3536713.8
53b655f,3537845.8
a0a2932,3538061.8
7070fd8,3538395.2
5eab72f,3538361.0
56d377f,3538007.0
3de5a69,3537386.5
7d44cb1,3584166.2
5c63480,3584382.0
565a3e8,3584715.8
1036677,3584681.0
87252ac,3584327.2
f5e2075,3583706.8
337c4be,3579393.2
d91f931,3579609.2
a68327e,3579942.8
ce5f041,3579908.5
6adc7a7,3579554.2
e30bb15,3578934.0
3466e9f,3602454.8
bad293a,3602667.8
71b9856,3603005.8
d6c916e,3602952.8
e0287f3,3602604.8
bc3bce0,3602038.8
1f68ef8,3593737.0
aa17479,3593949.8
415d55b,3594287.8
8411112,3594234.8
1bf2a60,3593887.2
5dce097,3593321.2
1d924eb,3601515.2
a9f7d77,3601728.2
d35d6f4,3602066.2
9cbfe8d,3602013.2
6e89cb0,3601665.8
a81f57c,3601099.8
c2d2e1b,3595718.2
ef7f9b9,3595931.2
fd7779b,3596269.2
e48537a,3596216.2
9ac0ec2,3595868.8
0d7cd87,3595302.5
6ca3b22,3606172.8
c7ffec0,3606385.5
a4b294e,3606723.2
7802459,3606670.8
21508a7,3606322.8
bebcae5,3605756.8
0bbec64,3628309.8
cd090cf,3628522.0
e33c85b,3628860.2
6feca4c,3628807.5
d85eabb,3628459.8
b0b1559,3627893.5
414113e,3619148.2
bc2f0c4,3619360.8
28a677e,3619699.0
58066fb,3619645.8
ba54581,3619298.5
77f2c91,3618732.0
f2bcc4f,3637100.0
200416c,3637312.8
70fbeb3,3637650.5
f3f7b65,3637597.8
11147bb,3637250.0
4647362,3636683.8
0edff16,3636980.2
f540a9b,3637192.8
5faf9f9,3637530.8
a9f417e,3637478.0
39b1d92,3637130.2
2f47172,3636564.2
c052231,3633974.2
22d2244,3634186.8
a683f1b,3634525.0
40b2d0b,3634472.0
1737c8a,3634124.2
06a4fe0,3633558.2
a06f578,3643473.5
295eb15,3643686.2
d2f93ed,3644024.5
467bf48,3643971.2
50446bc,3643623.8
9dc99dc,3643057.8
5afedcc,3453473.8
ee7f474,3453671.8
9637c1b,3454003.2
b162675,3454027.2
4a848fc,3453660.0
9e4b39d,3453002.2
65b9413,3478455.5
5531964,3478653.8
07576e7,3478985.2
8e118a3,3479009.0
470dcb4,3478641.8
37de50a,3477984.2
0709359,3490969.2
e1a991b,3491167.2
7c00e67,3491499.0
20db61d,3491522.8
f183eec,3491155.8
8ee05b6,3490497.8
b4186b6,3513576.8
2c45061,3513775.0
4f1c079,3514106.5
a336215,3514130.2
14fbc41,3513762.8
e996627,3513105.8
618581e,3527730.8
12d2e38,3527928.8
ef087f3,3528260.5
ccf0775,3528284.0
f516fe6,3527917.0
0906367,3527259.2
fb01a58,3531984.8
4be5cd6,3532200.8
78210a2,3532534.8
0de1845,3532500.2
c82edfb,3532146.2
127e631,3531525.2
5f652e0,3493407.2
aee2888,3493605.5
d5a393a,3493937.0
e86f81c,3493960.5
73dc2ed,3493593.5
628e0ce,3492936.0
73f68bf,3508673.2
99773b9,3508871.2
361b83b,3509202.8
272f379,3509226.8
49f241c,3508859.2
9da5034,3508202.0
9586e07,3477314.2
679d779,3477512.5
bca884a,3477844.2
a280661,3477868.0
87ac909,3477500.8
37bde4e,3476843.0
e3f655c,3503876.2
c2251c7,3504074.2
9c99633,3504405.2
8ea49fd,3504429.8
b7e8a0b,3504062.2
910cf34,3503404.8
542924b,3489714.5
4e65fbd,3489912.8
20cd4f5,3490244.2
de22094,3490267.8
959c853,3489900.8
062174f,3489243.2
75a6495,3529047.5
d8bfb5b,3529245.2
acccbc4,3529577.2
eef214d,3529600.8
d0684e3,3529233.8
44e91e6,3528576.2
dfa6d2e,3493261.2
742d809,3493459.5
49e8d7e,3493791.2
d012cfd,3493814.8
bf8e1de,3493447.2
440bd14,3492790.0
9bc93c4,3523014.0
1bd7916,3523212.0
defbec9,3523544.0
b2461df,3523567.2
698532f,3523200.2
8ccd3d8,3522542.8
6e11f51,3530378.5
c0d1b13,3530594.2
65e2d57,3530928.2
fded80c,3530893.5
b077c1b,3530539.5
834489a,3529919.2
eebb7a0,3527749.8
1c55a6a,3527965.8
24b318a,3528299.2
7fab060,3528265.0
e1e9beb,3527910.8
debca28,3527290.2
fac9be9,3549603.8
aa93558,3549819.5
67a44ea,3550153.2
625b82e,3550119.0
b5870d4,3549765.0
e5ee95a,3549144.2
6773fef,3554614.2
b9596b2,3554830.0
3fd8d0d,3555163.8
cf96c39,3555129.2
851a0ce,3554775.0
fe21066,3554154.5
a3da866,3546674.2
df75cfc,3546890.0
857bdd5,3547223.8
222ad9b,3547189.2
5753011,3546835.2
fca0d93,3546214.8
606cfe8,3567310.2
dbc6845,3567526.2
23328dd,3567859.8
7486993,3567825.8
2cfbd4e,3567471.2
f2d9e9f,3566850.5
4a7dd89,3570935.8
17d542f,3571151.8
9a55d63,3571485.8
cefe076,3571451.0
741c60c,3571096.8
7feb003,3570476.5
2b2139a,3572387.8
80ffcdf,3572603.8
bb9b6c9,3572937.5
84941c1,3572902.8
bf32688,3572549.0
dfcc35c,3571928.2
75e2bd5,3602842.2
e219c44,3603055.2
621ff5f,3603393.0
2d2f8e0,3603340.2
e9475dc,3602992.8
74e3516,3602426.2
3a89ab6,3584357.0
a6a3034,3584573.2
75734b3,3584906.8
9601cff,3584872.0
db09169,3584517.8
a5f7c02,3583897.8
12c392e,3620034.5
efd3827,3620247.5
aea1193,3620585.8
ddda536,3620532.8
b3c2a27,3620185.0
948a603,3619618.8
80b61a0,3605639.5
cd05a78,3605851.8
301b1fb,3606190.2
33a4a2c,3606137.2
13b5dfb,3605789.8
272e389,3605223.5
ec92344,3610539.8
03dc5de,3610752.2
47099ff,3611090.8
78c3bb4,3611037.5
3ee488a,3610689.8
f7a2510,3610123.8
ad4a913,3623390.2
58ffaa9,3623602.8
b0a0a62,3623941.2
b09f9e8,3623888.0
e8c7643,3623540.2
5c363dc,3622974.2
624adb5,3606859.0
9672e06,3607071.5
6fb21b6,3607409.8
4bc436d,3607357.2
19cba42,3607009.2
3bfb270,3606443.0
6c5bf0c,3646947.2
8c72255,3647159.8
f7b472e,3647498.0
c79db2e,3647445.2
8fa7172,3647097.2
521666a,3646531.2
3a9ee7a,3510960.0
70d851f,3511175.8
16d0436,3511509.8
856b0a7,3511475.2
ad6fc0f,3511120.8
eb335ec,3510500.8
e75d7e0,3521253.2
2a0117f,3521469.2
b069dd7,3521802.8
770585c,3521768.2
b9ee90b,3521414.2
0c53e62,3520793.8
fcebe16,3510787.5
a9bb28c,3511003.2
f2f0582,3511337.0
f49cf1f,3511302.5
19c9f72,3510948.2
d902a18,3510328.0
fe70708,3580538.8
35fec1f,3580751.8
3402325,3581090.0
ecf159a,3581037.0
bdf4c17,3580689.2
1b40ffc,3580123.2
2d4680e,3532594.2
680f110,3532810.2
47c9e10,3533144.2
1cb1057,3533109.5
688aa9f,3532755.2
241bd94,3532134.8
90499f8,3628484.8
fd621b1,3628661.2
216b37c,3629020.5
c476558,3628960.2
4adb7f2,3628608.0
ff16194,3628151.5
03a30f9,3575377.8
b39edbb,3575593.8
afbb669,3575927.2
6a2ba8c,3575892.5
e4690a2,3575538.8
4b42c2b,3574918.0
c3bc796,3589011.5
41f14fc,3589960.8
0247980,3588805.0
6cb3355,3588401.2
138860b,3588817.2
5dd458b,3589047.2
91e6731,3584863.2
473a01f,3585812.5
a19b0bf,3584656.8
9570944,3584253.2
01b446f,3584669.0
ea27203,3584899.2
1440d63,3503401.2
8c951db,3503001.5
1c065ce,3504018.2
83508c1,3503140.8
8c7c71f,3503330.8
8d8ef93,3502766.2
c43b9aa,3528645.2
6ca3e9f,3528245.2
ae4da31,3529262.5
5dc5a5c,3528384.8
8201067,3528575.2
06719f9,3528010.2
866cc4e,3528066.2
71723a8,3528264.2
6728ebe,3528595.8
26ae24a,3528619.2
358434c,3528252.0
0d7d43e,3527594.8
6650e31,3533371.8
38369a3,3533587.8
f14b7c3,3533921.2
29c2779,3533886.5
6d90690,3533532.2
fbcb252,3532911.8
b604cd9,3559518.8
cfa5d0b,3559734.8
08bb4a8,3560068.5
434978a,3560033.8
2457632,3559679.8
3d24df3,3559059.2
537a205,3572489.8
06bef41,3572705.8
ec31e08,3573039.2
e477385,3573004.8
a211082,3572650.8
20a3bb5,3572030.2
e9a68f5,3592150.5
67dc437,3592363.2
b80f3a9,3592701.2
338ce05,3592648.2
de0dd50,3592300.8
a407ba0,3591734.5
6a5e8d6,3606289.2
2fa4024,3606502.0
6fca4bf,3606840.0
8911d69,3606787.0
4a49fe9,3606439.2
a774909,3605873.2
6ea426e,3621626.5
964835d,3621839.0
e8aee76,3622177.2
7c6bf90,3622124.5
75cac7e,3621776.8
d6e9ed8,3621210.5
36cb07e,3619175.8
10007be,3619388.8
14234f3,3619726.8
5b988df,3619673.8
e6a25bd,3619326.0
07fa7c5,3618760.0
8b89db5,3633559.8
8b8e83a,3633772.2
9e0fd29,3634110.5
4eb05a6,3634057.5
4e96857,3633709.8
1a64dca,3633143.8
4450343,3601198.8
ff2c6d7,3601411.8
0ad9199,3601749.8
48bee0f,3601696.8
dd805d9,3601349.2
6ca545c,3600783.0
d10de5c,3637108.0
6aa9ff2,3637320.8
d2b8e37,3637658.8
5494b23,3637605.8
3b806e0,3637258.0
f38cbda,3636692.0
4c77822,3613552.2
98c8a4a,3613765.2
c92e4c7,3614103.0
11de1eb,3614050.2
af62d3d,3613702.8
5d148c8,3613136.8
83c3e24,3649603.5
7e87eae,3649815.8
2d41f19,3650153.8
9dc7eae,3650101.2
a9c4c79,3649753.8
b86edbb,3649187.2
416fe6e,3644345.2
ce54e69,3644558.0
dac84d6,3644896.0
deb8941,3644843.0
b388b67,3644495.2
0c8c413,3643929.8
7879d54,3646234.2
4f23a60,3646447.2
91be7f5,3646785.2
d169aae,3646732.2
c92ce04,3646384.8
916c4f5,3645818.8
03020ab,3654908.8
5423df8,3655121.2
47103a0,3655459.2
d3847bd,3655406.2
cd8c230,3655058.8
a3e7aee,3654492.8
4161ae4,3646393.0
e1c85ef,3646605.8
b2b3e13,3646943.8
ca4fa1b,3646891.2
dc493c9,3646543.5
d771f8e,3645977.2
57ad1a5,3657357.0
df0b630,3657569.5
72d077a,3657907.8
69da97b,3657854.8
834d818,3657506.8
183636d,3656941.0
66401bb,3650766.0
3b0b2c9,3650978.8
4b0625b,3651316.8
74b376d,3651264.0
1ec06d7,3650916.0
ff4566d,3650350.2
34c57af,3523163.2
aeb8024,3523379.2
cceb8e4,3523713.0
9bb6846,3523678.5
ee948df,3523324.0
91f95e7,3522703.8
b5b29ad,3522729.2
5625bcb,3522945.5
62988bb,3523279.2
813051c,3523244.5
76f7e0d,3522890.2
c0ea16b,3522270.2
c9ea4e5,3512378.0
e91143c,3512594.2
87fb07a,3512927.8
aaa60ce,3512892.8
ec61efc,3512538.8
aaaf4c3,3511918.2
03fd785,3531500.8
6b1ab87,3531716.8
7bfc719,3532050.2
6799ee8,3532015.8
79a9988,3531661.8
1017220,3531041.2
3e31fad,3514567.8
c11bc9e,3514783.8
a46366a,3515117.5
0127d90,3515082.8
3b5b743,3514728.8
77983cf,3514108.2
b50105f,3533702.2
42c3caa,3533918.2
f6d757c,3534252.0
ce0011d,3534217.5
edb2aa3,3533863.2
8bf2d1b,3533242.8
d0d16b1,3517065.8
37ae517,3517281.5
4f2f1c9,3517615.2
d99db46,3517580.8
f03b806,3517226.8
79c7bbb,3516605.8
ddf2e8c,3534018.8
d17ac85,3534234.8
f076fd4,3534568.2
8d0c8a1,3534533.8
2f24b5b,3534179.8
43cb99f,3533559.0
479039d,3525068.5
247719a,3525284.2
ce27618,3525617.8
1145a3b,3525583.2
f563eeb,3525229.2
b5bcfee,3524608.8
6f58d60,3528653.2
fc7b941,3528869.2
2c11f04,3529203.2
16540be,3529168.8
2eb69ee,3528814.2
6ca84c1,3528193.8
e811981,3539077.2
e51f1ca,3539293.5
547aa94,3539627.0
969b667,3539592.2
bef62cd,3539238.5
f5d00f9,3538617.8
c2eda75,3541219.2
107cd95,3541434.8
ccdb99a,3541768.2
fad405e,3541733.8
7a4a4ab,3541380.0
531c1f5,3540759.5
649ba4b,3543907.8
74421d2,3544124.0
ff7c44e,3544457.5
2183dc5,3544422.8
036fdb2,3544068.8
ae5aa62,3543448.5
f425a9b,3554087.0
5fca2be,3554303.2
9666cd7,3554636.8
96257fd,3554602.2
e03dcf3,3554248.2
df5cfa4,3553627.2
adc5238,3558228.2
b76c3bd,3558444.0
34e02ac,3558777.8
f38ea16,3558743.2
43c2af5,3558389.2
30ea3db,3557768.2
27392b0,3547556.2
75474ee,3547772.5
ce6445d,3548105.8
e7453e6,3548071.2
76b0aa7,3547717.2
a848b4d,3547096.8
e7379a9,3548232.8
7d85432,3548445.2
90d48f1,3548783.2
c89fe05,3548730.2
c3db666,3548382.8
393b6fc,3547816.8
2156bf0,3553846.2
9ce3d41,3554062.8
b0f3b13,3554396.0
38e6aa1,3554361.2
fbbbddb,3554007.8
20e4f27,3553386.8
0816443,3550912.5
3a51c21,3551128.2
a351a46,3551462.0
0321bed,3551427.8
69ce762,3551073.2
ced8381,3550452.8
f271d47,3555155.2
7550fcd,3555367.8
293e0cc,3555706.0
51af23e,3555653.2
a2ccd95,3555305.8
85b6cc2,3554739.2
b2a9d32,3571331.5
dab88e2,3571544.2
cd2be28,3571882.2
4f10cce,3571829.5
2216ff8,3571481.8
4e66ff7,3570915.8
3aa8fd4,3562601.8
6e10975,3562814.2
745c401,3563152.2
feba3f4,3563099.2
515e613,3562751.8
a5b42ff,3562185.5
fc86e75,3556528.8
785ab50,3556741.8
4768be4,3557079.5
2b0498c,3557026.8
019fa60,3556679.2
ec4240f,3556112.8
029046d,3589003.5
bfa7bf8,3589216.2
9b31cce,3589554.5
9bc3e34,3589501.5
157861d,3589153.8
dc18096,3588587.5
1d910d9,3573574.2
e736719,3573790.2
3b0b2dc,3574123.8
b40039b,3574089.2
192e98f,3573735.2
36f1e84,3573114.8
f75fd47,3602375.5
9b16a5e,3602587.8
775013e,3602926.2
2af955b,3602873.2
ae93ff3,3602525.8
55abcae,3601959.5
22532a6,3602421.8
bddc565,3602634.5
f8e40d5,3602972.8
d70fb68,3602919.8
56a3f0f,3602571.8
f5f4b61,3602006.2
f76c867,3614861.5
1f5f5e7,3615074.0
abd6228,3615412.2
3c2816c,3615359.2
65662f2,3615011.8
946b71d,3614445.5
0739b95,3607238.5
ed82ff6,3607451.2
890631a,3607789.5
14e2412,3607736.5
e3dcaed,3607388.8
5097d66,3606822.8
0e29e53,3623514.8
7785271,3623727.2
017b030,3624065.2
a823270,3624012.5
92c5268,3623664.5
e41e687,3623098.2
2f5ff2e,3497740.8
29189e2,3498734.5
8253d96,3496026.0
1c172f0,3494723.2
05814cb,3496299.2
ca9e019,3497638.2
bfcca4d,3502116.8
5ad6465,3503111.2
8d47ec9,3500403.0
031aff7,3499100.2
71ff84b,3500675.8
67390d7,3502014.2
b315dbd,3506493.8
b36b0b1,3507488.0
db809ec,3504779.2
0d15e39,3503476.8
4a31d80,3505052.2
9bd5fc9,3506391.0
59f03d0,3510870.2
eab5ed1,3511864.2
9c83cad,3509155.8
35f956e,3507853.2
d4b8599,3509428.8
7286c67,3510767.8
e772153,3515246.8
11fee3a,3516241.0
c0fe002,3513532.2
e5009c9,3512229.8
44783a9,3513805.2
e74d80e,3515144.2
6f80383,3519623.2
85499f3,3520617.2
b95620d,3517908.8
bb87936,3516606.2
478f673,3518181.8
5097397,3519520.2
237d39f,3523999.8
47c8fbc,3524994.2
ffe7ea2,3522285.2
bee0ccf,3520983.0
23626aa,3522558.2
7a80196,3523897.2
1bbf1d7,3528376.2
34e9253,3529370.8
8809f0d,3526662.0
d1d8f47,3525359.5
37360ef,3526935.0
d3c934f,3528273.8
d18eb7a,3532752.8
495f290,3533747.2
0372358,3531038.2
e86de6b,3529736.0
f993477,3531311.2
cb4c341,3532650.2
5e1c80a,3537129.5
30cff4c,3538123.8
098a6ec,3535415.0
c83b31a,3534112.2
06d02be,3535687.8
4e745a2,3537026.5
8aeadb6,3541505.8
55a065c,3542500.0
30fa150,3539791.5
f212779,3538489.0
eab6130,3540064.2
1a25ed0,3541402.8
34874ed,3548372.5
cb77700,3549366.8
c7e6c77,3546658.2
605c936,3545355.8
caebaad,3546931.5
182755c,3548270.0
44a8efa,3556850.8
6bfa3cf,3557845.2
65eb188,3555136.5
a440477,3553834.2
de26187,3555409.5
4b89da8,3556748.5
b2a148b,3555182.2
96677e8,3556176.5
cb22e7f,3553468.0
422adfc,3552165.5
306f423,3553741.2
a3dfa1c,3555079.8
74599ef,3563397.5
e2a2b64,3564391.8
6af2695,3561683.0
92b7e12,3560380.5
f0a7a81,3561956.2
9cbe0ef,3563294.8
6cf8512,3568273.2
0cf2ec3,3569267.8
86bf092,3566559.2
8e85807,3565256.8
170c227,3566832.2
4d3d1d2,3568171.0
72a9c9b,3580295.8
ec22e3b,3581300.8
65efbb6,3578471.5
fa1a358,3577110.5
a6e0c6f,3578761.8
6288179,3580226.8
7899ec6,3572396.2
25e0f57,3573390.8
9e8d230,3570682.0
237dd88,3569379.5
3d16082,3570955.2
31a4065,3572294.2
6f90b5f,3577298.0
78a564d,3578292.2
d9f03ca,3575583.5
3ca8306,3574281.2
ab0492f,3575856.5
8582d60,3577195.2
296a276,3581260.8
90f8e8d,3582255.2
66c272c,3579546.8
dc865b0,3578244.5
f1d18a1,3579819.2
fd6948b,3581169.8
f877a47,3585911.8
aaa8b8f,3586916.8
8e8e32a,3584098.8
b3e9f0b,3582796.2
0008dd1,3584377.5
eb2b74e,3585842.8
b0a34f3,3649937.5
d201ee2,3649505.8
0768cbb,3650562.8
e94d706,3649618.8
19349e4,3649847.2
c0aaef5,3649336.8
f52fc37,3676075.0
df7e31f,3676251.5
1e1fd7a,3676610.8
20f46ec,3676550.8
56f34cf,3676198.2
1b93c47,3675742.2
542925e,3674296.8
b047292,3674473.0
2ce9a80,3674832.5
e2b9806,3674772.2
68c9c0a,3674420.2
83d7a48,3673963.5
f290832,3669364.8
5a5b225,3669541.0
ef85686,3669900.8
b251df3,3669840.2
f7b02d1,3669488.0
2fe36e6,3669031.8
45cb700,3681998.5
ba9b2e5,3682174.8
dd4e2f9,3682534.2
67d7e5a,3682474.0
ed660e7,3682121.8
d39d51a,3681665.0
7e38a01,3683771.2
324cf48,3683947.8
704b302,3684307.0
8eeb5d4,3684246.8
764c88d,3683894.8
a71dfc1,3683438.2
13bc55e,3688899.2
f29e6e7,3689075.8
198edb2,3689435.2
1fd01c2,3689374.8
1f83178,3689022.8
5b7e914,3688566.2
613131c,3677292.2
df67be6,3677468.5
14882df,3677827.8
da5be19,3677767.8
2d94021,3677415.5
8714782,3676958.8
e5fc540,3686081.0
5e8c9ab,3686257.5
e4eeb72,3686617.0
83c81ee,3686556.8
21c09e9,3686204.8
5cf6bff,3685747.8
8fa09f6,3353736.2
e7e1d32,3353915.0
f2d41f6,3354271.2
5c5124e,3354298.0
172c635,3353914.8
4713551,3353250.0
80f2ef6,3340992.8
887b6df,3341172.2
2b58ceb,3341528.5
cb8fd99,3341554.8
c222791,3341171.5
96b1d76,3340506.8
d99bd39,3388971.5
359cb67,3389150.8
42d4fbf,3389506.8
950f1e4,3389533.2
220f5fa,3389150.2
991860f,3388485.5
f1c79e5,3360984.8
73431b2,3361163.8
51f5f1c,3361520.2
247d6c3,3361546.8
0946f99,3361163.5
8ac6972,3360498.5
d977b14,3404429.8
de404d7,3404609.2
9c63f43,3404965.5
e3fc0c8,3404991.8
499eb2b,3404608.5
47a3c99,3403944.0
19b95d5,3381054.2
0800ace,3381233.2
3b75634,3381589.5
f74dada,3381615.8
bda6696,3381232.8
c04499e,3380568.0
a4c72ed,3414838.2
f94e0cd,3415031.5
ad070ee,3415370.0
27bca84,3415389.0
4df9db4,3415020.8
70f6960,3414367.8
e42bd08,3438049.2
03ecfc3,3438247.2
af66fac,3438578.5
c8f6c76,3438602.8
aab8f88,3438235.2
e67d7cb,3437577.8
ac7bf9a,3443790.8
55a8996,3443984.8
6ec0b9d,3444322.8
fe8978e,3444342.0
58a9872,3443973.2
762e5a4,3443320.8
9e554f6,3496531.0
a3f13f5,3496729.0
c19005a,3497060.5
80d7870,3497084.2
3fc5fe6,3496717.2
916ce4a,3496059.5
fa563dd,3480197.0
db77c8f,3480395.0
313676b,3480726.5
bfa6ce9,3480750.0
f75286e,3480383.2
c97c71e,3479725.8
e7eb8ea,3477090.2
1765a29,3477288.0
a4451b0,3477619.8
c5a3e25,3477643.8
efa3fd7,3477276.0
51f3fed,3476618.8
61ffcf5,3502092.0
e7d10ff,3502289.8
09d5400,3502621.5
82d63a7,3502645.2
830fc0c,3502278.0
27d6d7f,3501620.5
2534749,3487078.2
dd99301,3487276.2
954d5b4,3487607.8
a383acf,3487631.2
2cc0ced,3487264.2
b269e71,3486606.8
3e0df80,3520717.8
0e4574a,3520916.0
b5a46a5,3521247.5
551d420,3521271.0
97e8917,3520903.8
e126a15,3520246.8
186a4dd,3520204.0
1b6a64e,3520401.8
577f17a,3520733.2
8ac4bef,3520757.0
20d1a5b,3520390.0
0041342,3519732.2
ff09856,3531441.8
eb23e17,3531639.5
e2bdda1,3531971.2
638a802,3531994.8
1d2a590,3531627.8
c6ae925,3530970.2
c51bffd,3544242.8
43f4195,3544458.8
f474fbb,3544792.2
487692b,3544757.8
185214e,3544403.8
f583594,3543783.2
e1e16f2,3547925.8
129ad68,3548141.5
60abb0b,3548475.2
ccb1fde,3548440.8
9bf6cc0,3548086.8
79bd9d2,3547466.2
226d753,3571067.8
e0874b3,3571283.8
65a8a89,3571617.2
0de7813,3571582.8
4aaca3d,3571228.2
b779a65,3570608.2
4b86b44,3581530.2
a3e7485,3581746.5
3621cc9,3582080.0
ce8103a,3582045.8
14490cd,3581691.8
d5a4b54,3581071.0
6221749,3593308.2
6aaf1d2,3593524.2
d3c108b,3593857.5
1d8d65e,3593823.0
8e5f980,3593469.2
6d8f9d9,3592848.8
be50185,3597311.8
d75dd10,3597527.5
97e3920,3597861.0
bff75d5,3597826.8
9de8ea0,3597472.8
8e30443,3596852.2
531a0bb,3593579.0
265c542,3593794.8
20600ee,3594128.5
aa1720b,3594093.8
5e4889e,3593739.8
f7f9003,3593119.2
fec1cad,3597617.0
8b71c91,3597833.0
0f12f25,3598166.5
3a0d17a,3598132.0
5ad97c5,3597777.8
dd2f262,3597157.2
e70f942,3607278.2
43600d0,3607494.2
1b389db,3607827.8
4d469a4,3607793.2
4e25307,3607439.2
cb5c62b,3606818.8
cafc08a,3620307.8
1d0dedf,3620523.8
4ebdac9,3620857.2
62ca485,3620822.8
de37fb8,3620469.0
084718f,3619848.2
2aae207,3616850.0
795002b,3617062.5
27ab5e1,3617400.5
e6b1afd,3617348.0
b2dbd5b,3617000.2
5a3c7dc,3616434.2
8b60a8a,3636082.8
a52fb08,3636295.2
afe3898,3636633.8
3be5f70,3636580.8
db56580,3636233.0
70d871e,3635667.2
5548e81,3633607.8
ed47096,3633820.2
33b2f52,3634158.2
5261c8d,3634105.8
5b28a3c,3633757.8
1e5d376,3633191.8
dba60d7,3497740.8
6bdeb92,3498734.5
7461065,3496026.0
a655ce7,3494723.2
c5b7d20,3496299.2
521345c,3497638.2
e645513,3502116.8
e88fdc1,3503111.2
42979f3,3500403.0
9bf84dc,3499100.2
1ee5a8b,3500675.8
682025d,3502014.2
c540d34,3506493.8
b08f668,3507488.0
7a7124a,3504779.2
143a40d,3503476.8
5cc10e8,3505052.2
5ecf071,3506391.0
8fac0ce,3510870.2
1b70684,3511864.2
3630923,3509155.8
2124a65,3507853.2
d2f094c,3509428.8
b4c0e49,3510767.8
e5e3c66,3515246.8
4f2c137,3516241.0
03bc49b,3513532.2
d01798c,3512229.8
87fa1de,3513805.2
1050e5e,3515144.2
7029881,3520597.8
a00056d,3521592.0
7faec36,3518883.2
286f7a0,3517580.8
5949fc4,3519156.2
3bfd122,3520495.2
86a1b46,3525083.8
c709457,3526077.8
5d7e172,3523369.5
3bcc476,3522067.0
c19067d,3523642.2
0d104e6,3524981.0
4419d32,3529391.0
bb581e4,3530385.0
88cdfc1,3527676.5
8953350,3526374.0
017237b,3527949.5
7ec81cc,3529288.2
0ce4850,3597195.2
e6fbf1e,3596763.2
500bbbd,3597821.0
e310d84,3596876.5
97a2cc1,3597105.0
b2e05ae,3596594.8
ec65057,3594245.0
539b325,3593813.2
0876e22,3594870.8
35edd6a,3593926.2
94ff0fa,3594154.8
b85b223,3593644.5
554a6f0,3628094.8
c10d668,3628307.2
bbbba37,3628645.2
db8ef5b,3628592.5
67db9a1,3628244.8
62f5a22,3627678.5
78957c8,3628556.0
fe2a990,3628768.5
bbeadf2,3629106.8
65f177d,3629053.8
064842b,3628706.2
bd75540,3628140.0
c524676,3637728.2
8ec5d5d,3637940.8
55713fa,3638278.5
31f8a89,3638225.8
c5e029e,3637878.2
b02cd6d,3637311.8
1817637,3622167.8
6502fd7,3622380.2
1e09562,3622718.2
84dafd7,3622665.8
1a19b31,3622317.8
d3c88b4,3621751.8
d16a34a,3628171.8
e703ed6,3628384.0
34e7ec8,3628722.5
436ed8b,3628669.2
eaf84d8,3628321.8
1ee6ea6,3627755.8
c11a893,3629818.8
6942f43,3630031.5
ca30754,3630369.8
58f8963,3630316.8
80d2261,3629969.2
ba5acc9,3629403.2
becf567,3645109.5
8fb64d8,3645322.0
ab43675,3645660.2
bccf4bb,3645607.2
e00b6d0,3645259.5
d8ec218,3644693.2
7d7894a,3663638.2
db85906,3663815.0
676de8e,3664174.2
23add73,3664113.8
a0a53bc,3663762.2
0f06601,3663305.2
172cc5d,3684414.8
dea1362,3684590.8
11edc2e,3684950.2
e43be33,3684890.2
cb6ca74,3684537.8
951c7bb,3684081.2
d954b40,3686495.5
1829564,3686672.0
3ca7cfa,3687031.2
d8860e3,3686971.2
99ba787,3686619.0
ac43ad1,3686162.5
f4e4662,3691922.8
30ea358,3692098.8
4921d90,3692458.5
26e4647,3692398.2
d5f11da,3692046.0
07decae,3691589.8
a56cc1e,3686639.0
890c871,3686815.2
6e5a283,3687175.0
956afe3,3687114.8
772d333,3686762.5
83d65a3,3686305.8
fcfd314,3695161.5
73b2e66,3695338.2
9fd26b5,3695697.2
0153b76,3695637.2
9f1d052,3695285.2
1fc950c,3694828.8
bb53f53,3686117.8
9591e1a,3686293.8
6bb74a2,3686653.2
fb19e7a,3686592.8
5d02348,3686240.8
bbf33b0,3685784.2
31ee3e8,3695775.8
11d8054,3695952.2
7dc85b1,3696311.8
12731d5,3696251.5
47976c5,3695899.2
7f6ac25,3695442.8
e85a03b,3694286.0
77c6783,3694462.5
a7f6eeb,3694821.8
db2a469,3694761.5
a9199a7,3694409.8
38c938a,3693952.8
1b6020f,3693698.2
f17f0cb,3693874.8
dc5f80a,3694234.2
81b052b,3694174.0
968e693,3693821.8
f1bc362,3693365.2
9496966,3703005.8
94b8263,3703182.0
0772f41,3703541.8
eb98002,3703481.8
4ce9110,3703129.2
d0e0c0e,3702672.8
fa54ace,3701845.0
c858aa2,3702021.8
b2c884c,3702380.8
71ebfb7,3702320.8
c497a52,3701968.5
b209fae,3701512.2
c5b0d9e,3709329.5
d777e04,3709505.8
0b52892,3709865.0
a95f71c,3709804.8
4e2c4ed,3709452.8
d2a5faf,3708996.2
ce64294,3608589.8
582d7be,3608802.8
66bfdfc,3609140.8
d42cce4,3609087.8
8b94ea4,3608740.2
83e6125,3608174.2
9e77e81,3618542.2
2bffa54,3618754.8
f44ace1,3619093.0
5b72381,3619040.2
e4501ce,3618692.8
fd78cca,3618126.2
88c48fe,3611749.8
3169eaf,3611962.5
a8f2e87,3612300.8
0151b15,3612247.8
f9c4aca,3611900.0
e66d2d9,3611334.0
77155c3,3618510.5
b495b97,3618723.2
3898d01,3619061.2
c8d85a5,3619008.5
d9a14c0,3618660.8
add7246,3618094.8
5bc9d50,3590034.5
18afcc1,3590247.2
2b04694,3590585.0
c40d379,3590532.8
af1eb18,3590184.8
f0cdeeb,3589618.8
c0be2ff,3581408.8
0203944,3581621.2
74ef651,3581959.5
f163aaf,3581906.5
90ee83b,3581558.8
4745b57,3580993.0
d89ca60,3558973.5
dd43e99,3559189.8
75f4e0b,3559523.2
206879d,3559488.8
57414c0,3559134.8
1c168d5,3558514.0
c06d0f1,3539876.8
9dbf608,3540093.0
1beaea7,3540426.2
994a753,3540391.8
bae1396,3540037.8
a612f86,3539417.2
d786c9d,3540801.5
4435dc6,3541017.8
c4134fd,3541351.2
0afc113,3541316.8
e0e2c35,3540962.8
f8a00fe,3540342.2
c39b7ec,3546973.5
9dbe221,3547189.8
79acc2c,3547523.2
c60e16d,3547488.8
b582744,3547134.2
9c0a1ba,3546514.2
33490fb,3526831.8
b66c689,3527047.8
02d8222,3527381.8
fde9796,3527347.0
dbb5822,3526993.0
fb0b0cb,3526372.8
a4e75b5,3531587.0
f798658,3531802.8
0881143,3532136.2
9681d22,3532102.0
eab3dd0,3531748.0
1462817,3531127.2
9bd0157,3530555.0
c64d828,3530771.0
280a12a,3531104.2
ab2910a,3531069.8
1f07029,3530715.8
33170c8,3530095.2
5c496fb,3526947.8
a124396,3527163.5
68fbbae,3527497.2
d1c8f97,3527462.8
64df10d,3527108.8
ebc9dd0,3526488.2
a127f15,3541091.8
b4c42ff,3541307.8
a196c10,3541641.8
fa7e108,3541607.0
eda26a2,3541253.0
4d2ed7f,3540632.5
18bd978,3544828.0
956c3dd,3545043.8
dd33a32,3545377.2
a68b6f9,3545342.8
d5dc9a9,3544989.2
d236596,3544368.8
f13ae3f,3551943.0
025ef63,3552159.2
cf9167b,3552492.2
cfd41ed,3552458.2
ddf2230,3552104.0
623df11,3551483.5
e05e247,3565796.0
492aef8,3566011.8
bad4b57,3566345.2
eb6d742,3566310.8
812d761,3565956.8
5f578c2,3565336.2
1f63ec9,3548143.0
cf74d47,3548359.0
93eb433,3548692.5
803e465,3548658.0
52a441c,3548304.0
433aa1e,3547683.2
b6508e6,3578707.5
5986049,3578923.2
35d0672,3579257.0
3d8b8ad,3579222.2
7d0f563,3578868.2
89c43b1,3578247.8
cdc1772,3543997.2
8099484,3544213.2
5867cb4,3544546.8
34628cc,3544512.5
a7646e9,3544158.2
e419e98,3543537.8
ad9324d,3521141.5
ed5c157,3521339.2
ad0a166,3521670.8
d73c361,3521694.8
863a518,3521327.5
a511425,3520670.0
3a835e2,3560888.2
fe57ae6,3561104.2
3a863a4,3561437.8
58f8b32,3561403.2
bdae841,3561049.2
e5cf29e,3560428.5
2eedd74,3515088.5
40a14f1,3515304.2
d66f9b0,3515637.8
8fce6da,3515603.2
71e9e0c,3515249.2
cd8dbbd,3514628.8
8bb4b12,3541132.0
0dedc7c,3541330.2
3a3ebd7,3541661.8
99ae4fe,3541685.2
cc16f51,3541318.2
f28f614,3540660.8
6e6e267,3572826.2
28c37dc,3573042.8
6f1283b,3573375.8
f15fe37,3573341.5
f891b69,3572987.5
71a143e,3572366.8
e42c97f,3533846.2
68ad8b2,3534062.2
5681821,3534395.8
8856b76,3534361.2
1ea0be5,3534007.2
9422b35,3533386.8
71b41cf,3595520.8
0027a31,3595733.2
c1e60da,3596071.2
e5d8df2,3596018.2
05ba2b8,3595670.8
387fe61,3595104.8
2b34be0,3569090.8
76c66d7,3569306.8
c59c8ae,3569640.5
5840af6,3569605.8
d3b5633,3569252.0
7b71a93,3568631.2
be368e5,3589561.0
80da7e5,3589773.8
e39a12c,3590111.8
7955ce6,3590059.0
b7168c9,3589711.2
ad7ceaf,3589145.2
a9761f8,3498648.2
44b1ed6,3499642.2
8fbe951,3496933.2
cd030d6,3495631.2
643f695,3497206.8
37775c3,3498545.8
c0cd216,3503101.2
e4a0703,3504095.2
c41b4d5,3501386.8
eee85bf,3500084.5
12c44e5,3501660.0
da45716,3502998.5
3824ab5,3507409.2
38158d5,3508403.8
d86cb7e,3505695.2
b31f758,3504392.8
6605e6a,3505967.8
0f006aa,3507306.8
815142e,3511752.8
f0c7efe,3512747.0
4dde0ba,3510038.2
3a5a44f,3508735.8
3a17545,3510311.2
13c0042,3511650.2
deed16e,3516142.8
f3f6418,3517137.0
659a92a,3514428.2
db51380,3513125.8
5d3952c,3514701.2
959e28d,3516039.8
8abda5d,3520292.8
a10b64b,3521287.5
99a0f3b,3518578.8
cf732b3,3517275.8
e65bf71,3518851.8
816a746,3520190.2
5e26ed1,3524668.8
b412ed4,3525663.0
25a7e1d,3522954.2
043d900,3521651.8
30d5319,3523227.5
ef2aba2,3524566.0
fb1b079,3529140.2
f271996,3530134.8
bcc1678,3527425.8
4c0a1eb,3526123.5
b53093d,3527699.0
9f5861a,3529037.8
8482dc3,3533366.2
61f1139,3534360.8
fdb839f,3531651.8
3c7cf13,3530349.5
164f943,3531925.0
d6dda87,3533264.0
ed18931,3537998.8
a959cfb,3538992.8
3e13af4,3536284.0
f2f7f57,3534981.8
be50e4b,3536557.2
c2cd381,3537896.2
587b279,3542233.8
5d10b23,3543227.8
36a0976,3540519.2
9afa301,3539216.8
4f23b5a,3540792.2
9630843,3542131.2
53b4f3c,3546978.8
5ff85a4,3547972.8
f1be03b,3545264.2
5ad0efd,3543961.8
30cde10,3545537.0
5eafbd2,3546875.8
e3850e9,3607634.8
9acf252,3607847.2
671e710,3608185.2
e0f62f5,3608132.8
9e1db0e,3607785.2
665796e,3607218.8
e340320,3611614.8
d57045a,3611827.5
f12863a,3612165.8
3d0a8c5,3612112.5
e024dfd,3611764.8
4f8b5df,3611199.2
ba33ca1,3548591.5
6190fa9,3548807.8
45ad94d,3549141.2
965b229,3549106.8
3dcaa13,3548752.5
c800dc4,3548132.2
0bab4d7,3553296.8
ae81c68,3553512.8
81d5438,3553846.5
dae93b8,3553812.0
d84912f,3553458.0
342563e,3552837.5
5d4a596,3574732.2
cdf7e70,3574948.5
a0c0298,3575282.2
e44519a,3575247.8
c92db00,3574893.8
ccbd1f5,3574273.0
b51ae7a,3570401.2
4d031d2,3570617.0
432ba82,3570950.8
d606a79,3570916.2
936440f,3570562.2
cdaba24,3569941.2
23edde3,3584236.8
d0db3ac,3584449.2
86baa95,3584787.5
a91b1da,3584734.8
83695e9,3584386.8
160c532,3583820.8
13dfda9,3570188.2
90885db,3570401.2
c7f70e2,3570739.2
9e1a9ad,3570686.2
372e4eb,3570338.8
8b5cb92,3569772.5
1ac3689,3590960.8
975c37d,3591173.5
4b932b2,3591511.2
12bfaeb,3591459.0
fed204e,3591110.8
3a6c631,3590544.8
23c631a,3573113.5
f449fb2,3573326.2
fd00e58,3573664.5
519929d,3573611.2
f12483a,3573263.8
dccd2c8,3572698.0
83f3a33,3584661.5
496b4be,3584874.0
eaffa63,3585212.2
ce6bb56,3585159.5
bd1ddf3,3584812.0
d076a08,3584246.0
86923d2,3612817.8
3563cfd,3613030.2
d4d1459,3613368.8
a16081f,3613315.8
91c557c,3612967.8
988cca5,3612402.0
ddb9a66,3609537.5
085af45,3609750.2
0d627fe,3610088.2
39e835d,3610035.8
ff61ae0,3609687.8
92881e5,3609121.8
c313f67,3641279.8
2ca85b2,3641492.2
b5e50f5,3641830.5
07ebdb5,3641777.8
5227272,3641430.0
138f230,3640863.8
150a178,3643852.5
105bc8e,3644065.2
eb74811,3644403.2
cd32b05,3644350.5
b1de094,3644002.5
65618b4,3643436.8
f08396e,3625863.0
536b5ae,3626075.8
e359562,3626413.8
76d14ab,3626361.0
3cda47a,3626013.2
d1b2434,3625447.0
714083f,3627144.2
09605e5,3627356.5
da6b741,3627694.8
72ed0f4,3627642.0
3eeab17,3627294.2
218d647,3626728.2
6fd9003,3639059.2
00b5334,3639271.8
5a21c64,3639609.8
3a0fabb,3639557.2
5937180,3639209.2
4599011,3638643.2
7afdf00,3497740.8
eb3f9c1,3498734.5
2150934,3496026.0
02ca6a4,3494723.2
4783b06,3496299.2
b01397a,3497638.2
c3a766b,3406440.5
b1c5a1a,3406025.5
e142032,3407045.2
1ebc4bc,3406275.2
b34dbce,3406403.8
30b4ef6,3405789.5
9221f0a,3425229.2
006fdff,3425427.0
2f1bfce,3425758.5
14656d5,3425782.2
fd5e676,3425415.2
1a33368,3424757.8
468f33a,3401447.2
40e5c30,3401641.2
f5e0540,3401979.2
0832c93,3401998.2
138d34c,3401629.2
067cb89,3400977.0
74060ee,3388727.0
cee4acc,3388920.8
e152280,3389259.0
2342d99,3389278.2
a406cab,3388909.5
933397a,3388256.8
0721207,3416879.2
00f3b7d,3417058.8
3184317,3417414.5
5054cf5,3417441.0
efca5ee,3417058.2
1af0167,3416393.2
a3a927e,3386485.2
b1ef1fa,3386678.8
a665e7c,3387016.8
b536957,3387035.8
898308d,3386667.8
51c9e05,3386015.0
46a817a,3389205.2
809b4b0,3389399.2
180baf6,3389737.2
8f6411e,3389756.5
52abd5f,3389388.2
cd042f3,3388735.2
83c0d70,3423769.2
cec6eda,3423967.2
01cb23b,3424298.8
4af5705,3424322.5
1cf2a4a,3423955.2
52fa646,3423297.8
3c154eb,3414853.2
06d0c07,3415051.2
b32007c,3415382.8
3fe0066,3415406.5
051900b,3415039.8
b37953b,3414382.2
48b8d49,3448249.2
41c3c9b,3448447.0
9b22402,3448778.8
fed3232,3448802.5
0b26eb5,3448435.2
63cde8d,3447777.8
72a68a7,3477180.0
cb764df,3477378.2
107cab1,3477709.5
7ca31d0,3477733.2
bf943c2,3477366.2
9302e1c,3476708.5
7fdfe20,3439889.5
71b3c6d,3440087.2
8624b29,3440419.2
cfa7608,3440442.8
358c329,3440075.8
7525238,3439418.0
6c90fe1,3434769.5
6f7c148,3434963.5
ff952c7,3435301.5
9c2f780,3435320.5
0e0f477,3434952.0
d2aef69,3434299.2
99ac0d0,3469971.0
d6efc0b,3470168.8
595c98f,3470500.5
1e921b9,3470524.2
d04fb95,3470157.0
897d6f2,3469499.5
a04bc99,3439038.5
e510844,3439236.2
af2ba73,3439568.0
2cadd73,3439591.8
96d5327,3439224.8
cd5221e,3438567.0
7ef13e8,3475157.5
487413e,3475355.2
f2e6a8a,3475687.2
5908887,3475710.8
6e182bd,3475343.8
7033543,3474686.2
2d7f6ac,3452808.0
cf2f712,3453005.8
bfce2ae,3453337.5
0c7b17d,3453361.2
57c74b8,3452994.2
fbfa379,3452336.2
f8dec68,3505364.2
e614196,3505580.0
7250f8d,3505913.8
ebe7648,3505879.0
b824370,3505525.0
26c8cc4,3504904.2
3c6aad6,3486267.0
806933f,3486482.8
e1906b9,3486816.2
87131cd,3486781.5
8deeaec,3486427.8
ea13772,3485807.2
d3e71e8,3445792.8
8f73269,3445945.8
f98882c,3446396.2
046bbd8,3446422.8
753f496,3445933.2
c3266ba,3445302.2
37264c8,3548890.8
38fbf33,3549106.5
2aa5357,3549439.8
a9b291b,3549405.2
7654a52,3549051.8
12a23bb,3548430.8
3f2a30d,3477721.2
c5b5d4e,3477937.5
8e3c680,3478270.8
13f66aa,3478236.8
6504f65,3477882.2
6441f4b,3477262.0
b5a494e,3564394.8
fabe707,3564607.8
a4510fc,3564945.8
48d3215,3564892.8
a7e922f,3564545.2
695519d,3563979.2
2c3903c,3600691.8
87ec167,3600904.8
ca4aefc,3601242.8
ab09c5c,3601189.8
d910e43,3600841.8
475b597,3600276.2
ba2427e,3565246.5
bffab15,3565462.5
cacd72d,3565796.0
e3d86c5,3565761.8
d37c6e8,3565407.5
eb448f1,3564786.8
98b33be,3607870.2
6211e2d,3608083.2
7e3c167,3608421.2
7e40129,3608368.5
7cb1987,3608020.8
0bb1ffa,3607454.8
67ae122,3569887.8
37db095,3570103.5
c60d43c,3570437.2
200efd5,3570402.8
07db104,3570048.2
0356db1,3569428.0
e556b32,3614995.0
2379724,3615207.8
a81ee15,3615545.8
c3854ab,3615493.0
e69633d,3615145.2
a6cf4b9,3614579.5
2e9ad9a,3482896.8
ccbd04f,3483050.2
32ea979,3483500.5
8d0d53f,3483527.2
e3b0ea9,3483037.5
7ee0b6f,3482406.2
3e1d057,3449577.8
5225417,3449775.8
a8c6329,3450107.2
197cac3,3450131.2
781454e,3449763.8
e16cc84,3449106.2
cfb1483,3446572.8
ab33597,3446771.0
5e2f603,3447102.5
2b494d4,3447126.2
e7abd99,3446758.8
9ce3c63,3446101.5
fea6060,3416994.5
d0259a6,3417192.2
5bff71d,3417523.8
7f8121f,3417547.8
cafc543,3417180.2
8c24e16,3416522.8
65357c6,3470057.2
7ed4bc9,3470255.2
cee9345,3470586.8
767b9ee,3470610.2
ab5c711,3470243.5
d756fca,3469586.0
edce645,3451437.8
40b1d8f,3451635.8
22fbc93,3451967.8
4c87b1e,3451991.0
9880356,3451624.2
9952531,3450966.5
b547335,3492652.0
5af020c,3492850.0
a6f78c2,3493181.8
8aee864,3493205.2
3008e6a,3492838.2
7cf5d84,3492180.5
0e61ef1,3472514.2
7687d48,3472712.2
746f30e,3473043.8
566ac55,3473067.8
f5b1ccb,3472700.5
d122333,3472042.8
6cc653d,3472018.5
054b6fc,3472216.8
bf0c740,3472548.2
ebfc26c,3472572.2
557aa5a,3472205.0
15f22f4,3471547.2
5e3d162,3471647.2
66c2364,3471845.2
aa966b1,3472176.8
c8114e0,3472200.5
95eee33,3471833.2
61271b0,3471176.0
6dd3e73,3446902.2
da5eca2,3447100.2
b248283,3447431.8
ce7acc3,3447455.8
df6ab57,3447088.2
6c86841,3446430.8
924b62a,3487073.0
ab102e5,3487270.8
48512a6,3487602.5
7c1ae3a,3487626.0
a351171,3487259.0
bc9a908,3486601.8
0b75969,3485741.8
df93bf8,3485939.8
534bfbc,3486271.2
fe1d028,3486294.8
0a0f9ab,3485928.0
ad302e5,3485270.2
4adfd68,3507335.2
fc232f4,3507533.2
f14cacc,3507865.0
aa4729a,3507888.8
4ef84d6,3507521.2
6bca0dd,3506863.8
0f99acc,3519810.5
f366b32,3520008.5
7b8d9b9,3520339.8
641705e,3520363.8
e07b9cc,3519996.8
53445c5,3519338.8
3f2f747,3519976.2
d6c45e3,3520192.8
a9c03dd,3520526.2
99db402,3520491.5
465d632,3520137.2
db5314f,3519517.0
b75d36e,3555461.2
4b54e04,3555677.0
ff4333c,3556010.8
bdfcd1a,3555976.2
3f2578a,3555622.2
c104923,3555001.8
8c70f8b,3532871.2
d2a2223,3533087.2
35c54aa,3533421.0
8110af6,3533386.5
12f7f0d,3533032.2
e395bdd,3532411.8
744a9f5,3559491.0
0034337,3559706.8
d9e2705,3560040.8
ca652fa,3560005.8
d8deeca,3559651.8
d03e977,3559031.8
4e66e29,3545555.2
d88e6c5,3545771.2
3873b12,3546104.8
013e0b7,3546070.2
b0ceeb0,3545716.2
8055a9c,3545095.8
ab06add,3553390.8
650fcfc,3553606.2
f34ca57,3553940.2
5ec7730,3553905.8
ef55776,3553551.8
5578afc,3552931.0
43757c4,3564194.2
9ecaf08,3564410.2
3e96739,3564743.8
3e55d94,3564709.5
cb375a7,3564355.2
5a53857,3563734.8
0b850ea,3583461.8
6c8a146,3583674.0
97ec6cd,3584012.2
ac5cd97,3583959.2
a0cc014,3583611.8
a59b9d6,3583045.5
d292d87,3578139.5
083ce78,3578355.2
195d300,3578689.2
17f223c,3578654.5
43c2069,3578300.5
e758f6d,3577679.8
e7495f8,3580330.8
aa48a6e,3580543.5
443e37a,3580881.5
eae2e25,3580828.8
261a6b9,3580481.0
1c280bc,3579914.8
bb3d56b,3606752.5
ffe719d,3606968.8
b40a985,3607302.2
76b89a6,3607267.8
1cb98d6,3606913.8
0a7b6d2,3606292.8
9c378a2,3586859.0
b7db5b3,3587075.0
ae4610e,3587408.8
b530f14,3587374.0
1e82ca3,3587020.0
b4c2a10,3586399.5
eb2722f,3610562.5
e996058,3610775.2
9b08f42,3611113.2
868f220,3611060.2
262f727,3610712.8
347ab66,3610146.8
d42228c,3615034.8
531a878,3615247.2
e92c2ec,3615585.5
3677c89,3615532.8
4d2d1c1,3615185.0
2a30b97,3614618.8
443b97c,3633948.2
fdadfa8,3634160.8
11df4a9,3634499.2
f8a9290,3634445.8
046ea17,3634098.2
8ab70f5,3633532.2
b0fe8f6,3642927.2
b53ad2e,3643139.8
1bfa9e4,3643478.2
d4d9fad,3643425.2
7aeb5a8,3643077.2
5322a7a,3642511.2
8274a5f,3497740.8
80949bd,3498734.5
f167542,3496026.0
9800c07,3494723.2
1b08a44,3496299.2
900cb9e,3497638.2
b8e88c0,3502116.8
df64253,3503111.2
88a0903,3500403.0
34992f0,3499100.2
33d5b51,3500675.8
7300467,3502014.2
2ae8ba9,3506493.8
faced49,3507488.0
4f8e78a,3504779.2
cb3da0a,3503476.8
10d4ebf,3505052.2
76bbe08,3506391.0
e22f746,3510870.2
1d7caab,3511864.2
3904323,3509155.8
e9e57c2,3507853.2
1f49d7c,3509428.8
83297f5,3510767.8
8b29fac,3515246.8
eb7cc26,3516241.0
21c0c9a,3513532.2
859bdd9,3512229.8
80254a1,3513805.2
390ec09,3515144.2
10e0b1a,3519623.2
825f82e,3520617.2
36ec75f,3517908.8
5c44e63,3516606.2
b1d5079,3518181.8
bfac58c,3519520.2
32ed6d9,3523999.8
0603693,3524994.2
6b558cd,3522285.2
147ec95,3520983.0
64aa92d,3522558.2
a0a9d7a,3523897.2
dcdc001,3528376.2
a18ece3,3529370.8
1fe26e3,3526662.0
fdd6e58,3525359.5
90139e8,3526935.0
ef7872a,3528273.8
d5dad01,3532752.8
9946dcb,3533747.2
ba192a4,3531038.2
30594ee,3529736.0
73dbf80,3531311.2
81f62cc,3532650.2
1a840e2,3623647.2
1f0d9a2,3623215.2
279ceb6,3624272.8
cd533a9,3623328.5
f732341,3623557.2
b1538e9,3623046.8
91381dd,3523024.8
b13c329,3522624.8
5be4eac,3523642.0
0d778d6,3522764.2
e2b4d12,3522954.8
d5ee15e,3522390.0
b276d2f,3585219.5
7dd279c,3585431.8
8bc6504,3585770.0
f6249b7,3585717.2
146f87b,3585369.8
e735eb0,3584803.2
78b2f0a,3549740.2
7a3ae9f,3549956.0
28ab048,3550289.8
c0b6522,3550254.8
c1ed5a6,3549901.2
07512bd,3549280.8
e80bb3a,3528802.0
9c86129,3529017.8
7641d43,3529351.5
bef59f3,3529316.8
44f5ac4,3528962.8
ff22d89,3528342.0
9b6d40a,3576662.2
0327740,3576878.0
cee2534,3577211.5
c42b4b0,3577177.2
2682180,3576823.2
cdac913,3576202.8
81ecea1,3556079.2
202570d,3556295.0
6d2e5d3,3556628.5
39179bd,3556594.2
15d6cd4,3556239.8
211bdeb,3555619.8
0858bc6,3584806.2
52fb781,3585019.2
97a189a,3585357.5
c65e5f3,3585304.2
0cc5d62,3584956.8
4cedfa0,3584390.8
9a4f0da,3577769.2
758067e,3577985.2
373f815,3578318.8
1656a85,3578284.2
f186375,3577930.2
0fcce05,3577309.8
df839da,3597895.2
17d05bc,3598108.0
8f5d747,3598446.2
291476f,3598393.2
6f3b71d,3598045.2
a9f00b0,3597479.2
7e2ef73,3594343.8
cdf6ebe,3594556.5
a10ff6b,3594894.2
86bb5c6,3594841.8
2fa5f5c,3594493.8
d49f391,3593927.8
dce0b4a,3621523.2
41ec8de,3621735.8
12beb6e,3622074.0
310c88e,3622020.8
892dff9,3621673.2
34c9504,3621107.2
d748f13,3612383.8
e7305df,3612596.2
9008347,3612934.5
3984166,3612881.8
e244a3b,3612534.0
67d0e68,3611967.8
ddc0c16,3637340.8
2917099,3637553.2
ee96249,3637891.8
6458da0,3637838.8
cab4329,3637491.2
c612ad8,3636925.0
f7c6f4a,3615809.2
714bc92,3616022.0
f0f8ef7,3616360.0
24f196f,3616307.2
d464c4d,3615959.2
2111ded,3615393.2
90447f6,3599479.0
8a45477,3599691.8
e41c19f,3600030.0
3ba5247,3599977.2
a557385,3599629.5
edbb756,3599063.2
f534616,3589866.0
2c3fbd6,3590078.8
9aa8707,3590416.8
d296134,3590364.0
36fd48b,3590016.2
81fe869,3589450.2
0dc6806,3567828.2
19dde9f,3568044.2
c06756e,3568377.8
306ab9c,3568343.2
4d95355,3567989.2
99d8e14,3567368.8
4bec631,3583198.8
a7e2b7a,3583414.8
3989101,3583748.2
ee6e847,3583713.8
65f1696,3583359.8
7f144a0,3582739.2
b0b4a5c,3589580.2
5f9233c,3589796.5
e78e219,3590129.8
05cda2c,3590095.2
97ecfb2,3589741.2
735d875,3589120.8
5fe5a8f,3613958.2
9cfc21a,3614170.8
86a747c,3614508.8
c2de459,3614456.2
ec92559,3614108.2
fe5a1e5,3613542.2
4c415fb,3497740.8
a50f8eb,3498734.5
240f20d,3496026.0
4181e6a,3494723.2
3ac8b27,3496299.2
6d81480,3497638.2
a2b1b30,3502116.8
c06e9f7,3503111.2
1f4cf6c,3500403.0
704df48,3499100.2
9d77a02,3500675.8
0790d33,3502014.2
bee2efd,3506493.8
30ffc56,3507488.0
b1ae419,3504779.2
9b4c6f0,3503476.8
b38925f,3505052.2
dec975f,3506391.0
0a3d251,3510870.2
858866e,3511864.2
8bbe43b,3509155.8
e828548,3507853.2
2db11a2,3509428.8
47709b4,3510767.8
736622e,3516253.0
51e5952,3517247.2
bd0ecaa,3514538.8
b753a4a,3513236.2
5b3c8c8,3514811.8
7b11908,3516150.5
a98ad23,3520552.5
d326051,3521546.8
a745822,3518838.0
36b27fb,3517535.8
4f12636,3519111.2
d7ae49c,3520450.0
433a27c,3524939.5
7fa16a8,3525934.0
cbcbf72,3523225.2
38d89c9,3521922.8
8b3476a,3523498.2
fe18309,3524836.8
da561e0,3529272.8
32c5c27,3530266.8
0708807,3527558.2
2ac5a21,3526255.8
469eec9,3527831.2
205926c,3529170.0
1b4b02e,3533588.8
09e8d4d,3534582.8
54e899a,3531874.2
61f72e8,3530571.8
bce61b1,3532147.2
d711b65,3533486.2
95e7fcb,3538033.8
e98d067,3539028.0
c21c5bb,3536319.2
bc0b678,3535017.2
0449aba,3536592.2
89c08a1,3537931.2
9756401,3542288.0
439144d,3543281.8
a504c0d,3540573.5
da6913f,3539271.0
828265a,3540846.2
4b6a759,3542185.2
7008245,3546691.8
4e248ee,3547685.8
decb6b7,3544977.2
44ffab8,3543674.8
6bc64a1,3545250.2
9557352,3546588.8
d30ecdb,3552345.2
200b8b9,3553339.5
041ae90,3550631.0
6495764,3549328.5
f6d1b0c,3550903.5
718821f,3552242.2
489062d,3651293.2
2f53ee4,3650764.8
89b253a,3651934.5
7eddc56,3650891.2
4f9084a,3651173.8
e822afe,3650760.2
1225e58,3649749.5
2aa34a5,3649220.2
b162791,3650390.5
c7674b1,3649347.2
f6d3080,3649630.0
edb66b2,3649216.2
7fd8eb3,3684747.8
dc6c665,3684924.2
5ac2240,3685283.5
68e7c1b,3685223.2
39f5273,3684871.2
25de5fd,3684415.0
9e45b67,3567394.2
d49648b,3568388.2
f7945ca,3565679.8
e44185c,3564377.2
05c92f5,3565952.8
36121fc,3567291.5
c47ea81,3571023.2
ac22e2d,3572017.8
e389c95,3569308.8
e28f102,3568006.8
1e5f278,3569582.0
4ff57b0,3570920.8
935fe14,3576510.2
71dba37,3577504.5
a4947af,3574795.8
81658b0,3573493.5
f1b70c3,3575069.0
c7d0311,3576407.8
5f6fdf9,3577547.5
6358bcb,3578541.8
dc2c210,3575833.2
d487799,3574530.8
a0ec1ec,3576106.2
9741237,3577445.0
0c6e53a,3666571.2
2fa2ecd,3666747.8
c60dc73,3667107.0
1f96b1e,3667046.8
ccb9dc3,3666694.8
d313f7f,3666238.2
e7c5321,3667940.5
7a469d1,3668116.8
a106f12,3668476.0
3c8794e,3668415.8
9452c04,3668063.5
41e5970,3667607.0
d1f9c13,3639436.8
7fceafd,3639649.2
2f67939,3639987.2
57f2341,3639934.5
da4f849,3639586.8
a7f35cc,3639020.8
afe54db,3642546.2
730fbf0,3642758.8
2b76cd0,3643097.0
1c92397,3643044.5
8877960,3642696.5
798d73b,3642130.8
b658c18,3648841.5
03f17a5,3649054.2
4c3c763,3649392.8
9a8557b,3649339.5
78484f1,3648992.0
d54a013,3648425.8
a875e99,3653104.2
e3b6a82,3653316.8
eed4aab,3653654.8
79cd5e6,3653602.2
b07b829,3653254.5
a6b9536,3652688.5
0d3b64f,3613005.8
d118a01,3614011.0
084ce06,3611181.2
28f6841,3609820.8
13dd8f7,3611471.8
91d1b56,3612937.0
c96f566,3668738.0
eff8a89,3668950.8
38be596,3669288.8
38e7d7d,3669236.0
26e4ddf,3668888.2
f4895ec,3668321.8
8fefd67,3677676.5
3da57fe,3677853.0
e06476c,3678212.5
b682d73,3678152.2
addba93,3677800.5
2dce2e0,3677343.2
8c8082a,3686044.8
624e440,3686221.2
06fc716,3686580.8
32d6fc5,3686520.2
35770ab,3686168.2
735685a,3685711.8
96ee029,3498687.8
e6b42f2,3499682.2
2ea36da,3496973.5
d565c88,3495671.2
a9fe301,3497246.8
e1a9419,3498585.5
5d23b2f,3503100.8
a5073c8,3504095.2
0bbcdfe,3501386.2
6b69ef8,3500084.2
9a2f45b,3501659.2
9d168a9,3502998.2
014308f,3507442.8
26f6b8d,3508437.0
9191599,3505728.2
79da3a7,3504425.8
38e1114,3506001.5
9a54285,3507340.2
1d9f4b7,3511828.8
c427d7e,3512823.2
91fff78,3510114.2
276f2f1,3508812.2
aff043a,3510387.5
094bae8,3511726.2
1e7a661,3516198.2
d753678,3517192.2
4d2b942,3514483.8
8df40aa,3513181.2
8dc5416,3514757.0
51c9dee,3516095.8
6534eb0,3520545.0
800b3d0,3521539.2
61792da,3518830.8
ad16828,3517528.2
ff662e7,3519103.8
3ba1fe3,3520442.2
374d9da,3524895.2
a270e50,3525889.8
a7e4111,3523181.0
2b07165,3521878.5
c14e234,3523454.0
911a2bc,3524792.5
455f2bd,3529325.8
9862b91,3530320.0
a4ead85,3527611.5
33f3723,3526309.0
4f595ce,3527884.5
8d626a4,3529223.5
4ac3b29,3533649.2
d3488d1,3534643.2
4809fe5,3531934.8
0e59fdc,3530632.5
f5291d7,3532207.8
38ea141,3533546.8
31d8020,3538024.2
c033f15,3539018.5
e7e8f1e,3536309.8
f25aba9,3535007.8
084c21e,3536583.0
5e842b5,3537921.8
588c9fb,3542463.0
5c56f0a,3543457.0
3391ff5,3540748.2
3138aa7,3539445.8
cc513be,3541021.2
84a8162,3542360.2
cdf4212,3546780.8
a9ece56,3547775.5
f9f045d,3545066.5
329bc63,3543764.0
e83ee55,3545339.8
7a18a6c,3546678.8
0d10924,3550972.8
11782c3,3551967.2
94e910b,3549258.5
6ec0680,3547956.2
96e2393,3549531.5
a0f8466,3550870.5
43b2f26,3555467.2
c358386,3556461.5
224369d,3553752.8
f867dee,3552450.5
8b13d9d,3554026.2
ab19bb6,3555364.8
a3c098d,3560001.8
82708a7,3560996.0
9d4c2cd,3558287.2
cfaa0b3,3556984.8
ad0ab0b,3558560.2
925f592,3559899.2
409916c,3563745.5
58625ce,3564739.8
636d9c6,3562031.2
3f00ae9,3560728.8
9366c46,3562304.2
2451df0,3563643.0
07ae02b,3568879.5
0453654,3569873.8
17e543e,3567165.2
75e3836,3565862.8
1810182,3567438.2
4d06c09,3568777.0
ebad7c8,3646222.2
887c7b7,3645790.2
23b24fc,3646848.2
976dd26,3645903.2
518aaa7,3646132.2
f3e1030,3645621.5
f518a45,3624967.8
826d6ad,3624536.0
c9c47d3,3625593.2
a9ec911,3624649.0
57105d7,3624877.8
ff86e4a,3624367.2
fb47899,3642775.2
787e874,3642987.8
8a13d97,3643326.2
657fbd7,3643273.2
62ef600,3642925.2
594fdd3,3642359.2
ba239cc,3639432.5
824b137,3639645.2
60261bf,3639983.2
cfc7fe6,3639930.8
e375305,3639582.8
c74e152,3639016.5
2e35fd0,3631515.8
a7b7545,3631728.2
5b0c744,3632066.2
be17128,3632013.2
870abd7,3631665.8
98641e2,3631099.8
4988adc,3646416.8
039ead1,3646629.8
a5b8d1c,3646967.2
0dd4610,3646914.5
d57799f,3646567.0
b465c3f,3646000.8
33b372c,3647130.8
9710342,3647343.2
3cd534a,3647681.5
7e9ed25,3647628.8
4f2a13b,3647281.0
40d6978,3646714.8
c5a3f8a,3651865.2
a246851,3652077.8
43d8270,3652415.8
e70c95e,3652363.0
f4cd58a,3652015.2
c3dfa3f,3651449.2
2f8d589,3663231.2
8dbf852,3663443.8
56758d5,3663782.2
c13d521,3663729.0
410c8cb,3663381.5
00b6fee,3662815.2
0ae90e1,3663921.8
509a791,3664134.2
44258d5,3664472.5
ce30a99,3664419.5
e6d33a1,3664071.5
0b9ee56,3663506.0
d353ee9,3670243.0
9db77e6,3670455.8
6b50feb,3670793.5
e49a028,3670741.0
313152e,3670393.2
cb6feb7,3669904.2
1e030c6,3672735.5
55582fe,3672948.2
82b9cca,3673286.2
76e91a0,3673233.2
88774d3,3672885.8
ce24274,3672319.5
adf42ab,3680429.8
cb16c38,3680606.2
f955cc5,3680965.8
132db5b,3680905.5
e21ed7d,3680553.8
5b33678,3680097.0
19d3b31,3498665.8
ea605ad,3499659.8
e874368,3496951.0
0282e47,3495648.8
aab0667,3497224.2
1bd65f2,3498562.8
4e9f1d9,3503108.8
144200b,3504102.8
8a8ec8e,3501394.2
ec4d89f,3500091.8
891bade,3501667.2
578dff0,3503006.2
01fd8a5,3507455.2
f158041,3508449.5
79c335d,3505740.8
38d1050,3504438.2
590b3be,3506013.8
0d5fe27,3507352.5
fbde63d,3511751.8
2518119,3512745.8
51b37dc,3510037.5
85ec0b1,3508735.2
70e95da,3510310.8
c2f3a4c,3511649.5
172f224,3516165.0
444ce41,3517159.2
f50a77b,3514450.8
4e56f68,3513148.2
a5c1cd6,3514723.8
bb911e6,3516062.5
50ffa86,3520565.8
765e8ed,3521560.2
35a9feb,3518851.2
b8f288f,3517548.8
fe87a92,3519124.0
70be8f4,3520463.2
bd1a5eb,3524812.2
3ddeb2b,3525806.2
7179de7,3523097.2
af54a6c,3521795.2
4dd0c2c,3523370.8
a25893f,3524709.8
0a0f9ca,3529315.0
e80b1ba,3530309.5
7ae15de,3527600.8
0394195,3526298.2
5310afa,3527873.8
cb31f03,3529212.5
59983af,3533674.8
3784204,3534669.0
1517555,3531960.2
f8e83d4,3530657.8
11b5380,3532233.2
3f32dc6,3533572.2
e48090e,3538008.8
e82d2c2,3539003.0
5460b13,3536294.2
43feaf1,3534991.8
280897b,3536567.5
cc3a06b,3537906.2
95651bd,3546253.8
c6fb268,3547247.8
e12d9ab,3544539.0
9e4394c,3543236.8
4567526,3544812.5
aa08c8c,3546151.2
29b91ee,3548102.5
8d7882f,3549096.8
10c50cd,3546388.0
b70c7da,3545085.8
5c0e24c,3546661.2
3ef51a0,3548000.5
59dc4ed,3551195.2
95d8916,3552189.5
3e3e329,3549480.8
e0145d5,3548178.2
7902318,3549753.8
5bc5058,3551092.8
f1d7f29,3555290.8
96666d1,3556284.8
2068f47,3553576.2
6e1bac9,3552274.2
f008e38,3553849.2
7bd3fee,3555188.2
4a518e9,3558653.8
7205f48,3559648.2
1ef37f8,3556939.5
50e5708,3555637.0
410c6d1,3557212.2
bd4a716,3558551.2
fd360b2,3564152.5
d3b2fe4,3565146.8
0517fb8,3562438.0
6846bb2,3561135.8
3ce88f8,3562711.2
21fb03d,3564049.8
aa759eb,3567631.2
ae8b1c5,3568625.5
9dac5b1,3565916.8
7262e2d,3564614.5
2b9cd7d,3566189.8
3d8f678,3567528.8
5e384fc,3572852.2
0a42816,3573846.2
8462314,3571137.8
34c0294,3569835.2
8445924,3571410.8
cfc41fb,3572749.5
93cf5e6,3672324.0
cbbc538,3671795.2
da2e8cc,3672965.0
48ec111,3671922.2
098573b,3672204.5
c880733,3671790.8
b013bb5,3662891.5
cdff832,3662362.8
652f0ba,3663532.5
c9982df,3662489.8
ea8e2d5,3662772.2
4d2df7b,3662358.2
0db6d8a,3647702.2
7e01292,3647914.5
a344a9a,3648253.0
e230807,3648200.2
e921d0c,3647852.2
6e32de1,3647286.2
87e7557,3652055.2
2cab164,3652268.0
1dbe67b,3652606.2
108e107,3652553.5
f9cc8af,3652205.2
05d778c,3651639.8
cb8ed54,3600755.8
c0e620d,3600968.2
d1896e3,3601306.2
1714a32,3601253.2
c5f7054,3600905.5
9116a26,3600339.5
bead506,3607802.2
d72ef2f,3608014.8
ab53540,3608352.8
cc81e52,3608299.8
46fb275,3607952.0
258bda3,3607386.0
75056b1,3590389.0
924cfa3,3590601.8
e02ec3f,3590939.8
a640496,3590887.0
0c2e113,3590539.2
773c540,3589973.0
e62ae69,3608074.5
b44771c,3608287.2
c17fa26,3608625.8
7abb3ce,3608572.8
1cfef88,3608224.8
09fd704,3607658.8
fb0ff34,3556009.2
c9e5879,3556225.2
ddbbe0f,3556558.8
02859f9,3556524.2
df62cf1,3556170.2
602e4a5,3555549.8
7f4ee36,3631949.8
8ad46bb,3632162.8
73ba370,3632500.8
5597a3c,3632447.8
559a98f,3632100.2
d87de6d,3631534.0
86ccad8,3591239.8
15ca298,3591455.8
5374b6c,3591789.2
9fcef7c,3591754.8
725246e,3591400.8
e551c6c,3590780.2
33673b5,3645255.2
a861ab8,3645468.0
0fd1382,3645806.0
cd4d8fc,3645753.2
f8ddc33,3645405.2
7b76349,3644839.5
aad4686,3497740.8
10f3298,3498734.5
a9db0f6,3496026.0
2c66d3e,3494723.2
9365d6e,3496299.2
2a22f74,3497638.2
9afe837,3503233.8
01d4b1b,3504228.2
48c107c,3501519.5
3f159ca,3500217.2
79bc979,3501792.8
4b25ff1,3503131.2
2bc1ca7,3507583.8
3d8b7ae,3508578.2
147f40f,3505869.8
79b5f15,3504567.0
f7d6045,3506142.5
5688a6d,3507481.2
823b683,3511980.0
06a7330,3512974.2
8b931d9,3510266.0
6f57aff,3508963.2
8563fd6,3510538.8
a7a143f,3511877.8
19d0d34,3584022.5
6c87db0,3583590.8
256e906,3584648.2
954ba45,3583703.8
9383922,3583932.5
690288d,3583421.8
08ce0a1,3568906.8
d8cd0be,3568475.0
9a4dbf6,3569532.5
f59e9f7,3568588.0
e1fdce3,3568817.0
3830042,3568306.5
62ebe7d,3562832.5
cbc713b,3563044.8
bd26358,3563382.8
4522ac5,3563330.2
3e2e53d,3562982.5
5bfe526,3562416.5
c45ae94,3555167.8
5fc3c17,3555383.5
19a2090,3555717.2
b94d829,3555682.8
3924b35,3555328.5
a926a6c,3554708.0
ff4a5b2,3575120.2
85c342b,3575332.8
ec4cc11,3575671.0
3d3ec5a,3575618.0
2febbd8,3575270.2
3541dbd,3574704.0
8932223,3564148.5
3fe61a0,3564361.2
61fab49,3564699.2
af291d0,3564646.2
7e298dc,3564298.8
dc3b325,3563732.8
b32fced,3595043.2
07baf83,3595255.5
582a237,3595593.8
2d383d4,3595541.0
b9e5734,3595193.2
7c99675,3594627.2
ae5b88a,3588127.5
31b410c,3588340.2
d1f2e31,3588678.0
9825a1d,3588625.2
93224ad,3588277.2
1739237,3587711.8
cef2da7,3588734.2
b49c617,3588946.8
10716d9,3589285.0
b9072e5,3589232.2
4d3a4ca,3588884.5
a04d335,3588318.2
fc8f640,3592028.2
2536b48,3592240.8
07fab6b,3592579.0
971e003,3592526.8
543deac,3592178.8
bc62e9e,3591612.8
1d0d2e7,3597860.0
61b8ff7,3598072.2
91dc46a,3598410.2
e486aa3,3598357.8
b83c82e,3598009.8
f4fd2b9,3597443.8
d3fa32a,3597840.2
f1753bd,3598052.8
2285709,3598390.8
a3f800a,3598338.0
d1256b1,3597990.2
5edae9b,3597424.0
0e4928d,3614615.0
0b8a116,3614827.8
a9576e4,3615165.8
cd2259c,3615113.0
a2b2d5f,3614765.2
f564b5a,3614198.8
df1f92b,3614993.0
8a574fd,3615205.8
56b32ad,3615543.8
ff9b6fd,3615491.2
4e8a29b,3615143.2
fa4192d,3614577.2
750e824,3618771.2
c62f35b,3618983.8
5151326,3619321.8
09d00a6,3619268.8
0b839a8,3618921.2
b99d9dd,3618355.2
ad79833,3631414.0
951d864,3631626.5
7364b8e,3631964.8
26ae3a6,3631911.8
6f24ce1,3631564.2
47ddf45,3630998.2
6466449,3626715.0
264e00f,3626927.8
bf379c8,3627265.8
1796833,3627212.8
160dbd0,3626865.2
ba3a0de,3626299.0
fa2c517,3635496.8
2ddf577,3635709.5
2ab2478,3636047.8
a70d2f6,3635994.8
a1adc30,3635647.0
d7ceda5,3635080.8
77f1092,3654582.8
a08ab5c,3654795.2
82ce9d0,3655133.8
02120b8,3655080.8
56c6550,3654733.2
08528c3,3654167.2
1453fab,3642123.8
0a2dc88,3642336.2
17d53c7,3642674.5
e7f9451,3642621.8
dee3633,3642274.0
7149ee0,3641708.2
344462c,3671309.5
bcea6a2,3671485.8
6b7116b,3671845.2
e3f1683,3671785.2
fe2e3ec,3671433.0
bef9d24,3670976.8
1137128,3666481.2
a2390b2,3666694.0
0f2d21d,3667032.2
3f09966,3666979.2
fa4f1cc,3666631.5
934c6f4,3666065.8
4ccfedd,3673220.2
76069f6,3673396.8
dfd3bac,3673755.8
3824322,3673695.8
6cfba41,3673343.8
c522607,3672887.2
3476371,3677513.8
456e1df,3677690.2
5210401,3678049.5
85e4533,3677989.2
1319537,3677637.0
bc62d65,3677180.8
13bcb63,3674252.2
f554362,3674464.8
c5b616d,3674803.0
231c544,3674750.2
410523d,3674402.2
ce36239,3673836.2
b464ac7,3676023.2
39047ef,3676236.2
dfc74dd,3676574.2
5c3ed23,3676521.2
733064b,3676173.8
0ce4876,3675607.5
ca07b84,3486808.8
d8ec822,3487007.0
4d9c112,3487338.5
b2b25f1,3487362.2
72959a2,3486995.0
88aa79b,3486337.2
f1945cf,3505879.0
3ffaad9,3506077.0
c13e14f,3506408.8
76d2259,3506432.5
f3f5529,3506065.2
76f6718,3505407.8
9b93a1f,3491781.2
6bc49a7,3491979.0
4af8122,3492310.8
1efc16c,3492334.2
b1e44d4,3491967.2
8b5e4e2,3491309.8
c2c591f,3512010.5
e7a162f,3512226.5
10ba52d,3512560.2
10d32ac,3512563.8
ca3e136,3512196.5
316cbd0,3511551.0
8a23c24,3507650.0
8d5b853,3507848.0
0a2cd0c,3508179.8
5fdc42b,3508203.8
b064630,3507836.2
ea3c261,3507178.8
042cab5,3515510.2
83cf39d,3515708.2
6ec619f,3516039.8
847291e,3516063.8
a9b2d2e,3515696.5
df341c1,3515039.2
6997b98,3511841.8
11a345a,3512039.8
641751b,3512371.5
0d8b119,3512395.2
41d10a7,3512028.0
0f563d5,3511370.5
79b5fde,3479438.2
abe14e9,3479636.2
4364de1,3479968.0
0fa47d8,3479991.8
5c0ad56,3479624.8
2e5069d,3478967.0
87ae1bd,3523012.2
17e4432,3523228.2
0f3e207,3523561.8
f7c8f9c,3523527.2
8f1b75f,3523173.2
462eb02,3522552.8
91fc878,3483553.8
13ca696,3483751.8
8b515a3,3484083.2
3b315fa,3484106.8
817cda0,3483739.8
e9aab6a,3483082.5
487e615,3517931.2
ae202ce,3518129.2
2076f1f,3518460.8
1f10f9f,3518484.5
ba617f1,3518117.5
4ac6b93,3517459.8
9195948,3521943.2
e787e96,3522159.2
9f040f1,3522493.0
498ba95,3522458.2
c042e5f,3522104.2
3695f25,3521484.0
249884a,3523422.8
c6f1140,3523638.5
aec2bae,3523972.2
a5a9cb9,3523937.5
8055426,3523583.5
d8798be,3522962.8
7094b1f,3537505.5
3a8a323,3537721.2
dc23db3,3538055.2
6e8448e,3538020.8
19cdcb1,3537666.8
78fda53,3537045.8
f4b5807,3530626.5
7571b86,3530842.2
8952e48,3531175.8
363ea49,3531141.5
07bb007,3530787.2
bf7a3d2,3530166.8
c6e96b9,3534548.0
029abd3,3534764.2
87b5335,3535097.8
c59f140,3535063.2
a5b3612,3534709.2
4358b08,3534088.8
963dc42,3537945.0
7dbe9bb,3538161.2
2803177,3538494.5
b6a72b0,3538460.2
b73c127,3538106.2
67c95a1,3537485.8
18c237c,3535453.8
129e6b7,3535669.2
504b9ec,3536003.2
7d0e48f,3535968.5
9e0924f,3535614.8
d6e1334,3534994.0
d931001,3562088.2
6765f10,3562304.0
0a16f95,3562637.5
4278c26,3562603.2
4aaf720,3562249.2
275c076,3561628.5
0be076d,3550118.2
5ab24e0,3550334.2
b701092,3550668.0
f5f2d1a,3550633.2
f331382,3550279.2
6a08a86,3549658.8
e891fe0,3565243.0
d659b12,3565456.0
d52aac6,3565794.0
c785792,3565741.0
a1f32a1,3565393.2
3391a04,3564827.2
b38592c,3586306.2
4d7af05,3586519.0
b413654,3586857.2
199acea,3586804.2
0fdb282,3586456.2
bff0385,3585890.2
b6fed3c,3567313.2
4c93900,3567529.5
bf9c11d,3567863.0
3f40591,3567828.2
b0bb264,3567474.2
35046e9,3566853.8
3f9cf49,3605832.8
e8075cf,3606045.5
0bb399f,3606383.2
76c0573,3606330.8
1e59e27,3605983.2
4052119,3605416.8
43a8467,3583923.2
6a23f12,3584136.0
c431299,3584473.8
13a0905,3584421.0
67d0db9,3584073.2
97611ab,3583507.2
88d3c36,3611240.5
2596b73,3611453.2
ec35a35,3611791.2
2635bc9,3611738.5
dde993d,3611390.5
793d0d5,3610824.8
f7e7a63,3583658.2
6965785,3583870.5
1de243e,3584208.8
967b3d8,3584156.0
e224961,3583808.0
dbccc5b,3583242.0
3a9eea6,3631116.2
11af392,3631329.2
c052f32,3631667.2
f3a46b3,3631614.2
c209a88,3631266.5
960505c,3630700.2
05635d5,3618290.2
68c0dd4,3618503.0
228357b,3618841.2
941dba3,3618788.2
c54c1d3,3618440.5
df22d3d,3617874.8
f00606a,3648518.8
e608395,3648731.2
1d3192e,3649069.5
2b9b8be,3649016.2
b1c679f,3648668.8
63c4a0b,3648102.8
42f29b0,3525276.2
78e98bd,3525492.2
15295ad,3525826.2
3ce7e3e,3525791.8
8fd86ff,3525437.2
e99c4d8,3524817.2
d75cdb3,3572527.5
ad7d6d1,3572743.2
c409f6d,3573077.2
4d2280d,3573042.5
21d2232,3572688.2
469eea5,3572067.8
f0e52a8,3563283.8
9af871c,3563499.8
d61bb80,3563833.2
2a7b12e,3563798.8
2637495,3563444.8
b91ccad,3562824.2
3c78600,3543463.2
cf989d2,3543679.2
58f960b,3544012.8
f7f57f3,3543978.2
a3168e9,3543624.2
1a01304,3543003.8
3a1e941,3532562.2
5655a16,3532775.2
b065659,3533113.0
c0f217b,3533060.2
aea4037,3532712.8
4b6cfe0,3532146.8
453f921,3535499.0
3b1287f,3535714.8
49d8033,3536048.5
cf6d83c,3536014.2
287da2d,3535660.2
fac107e,3535039.8
58ae89b,3528114.2
96349c9,3528330.5
55de014,3528663.8
94891ff,3528629.2
008f487,3528275.5
04fe67d,3527655.0
f55a2fd,3557353.0
301c87a,3557569.0
dc76b12,3557902.5
ab84194,3557868.2
a6c75af,3557514.0
a940806,3556893.2
8d2763e,3537308.5
66b9a17,3537524.8
54faab3,3537858.5
9991b8f,3537823.8
076adfb,3537469.8
13f814b,3536849.2
e1ee959,3537986.2
d0023f4,3538980.8
853ccab,3536272.0
68974dc,3534969.8
eee2846,3536544.8
528d0cb,3537883.8
d1cd117,3542648.0
d3c38de,3543642.2
bd1d46d,3540933.5
5434874,3539631.2
82f8cbf,3541206.8
7ae412d,3542545.5
a45810d,3546783.2
acb86b8,3547777.8
926bc05,3545068.8
66d7395,3543766.8
3246a39,3545341.8
1348d83,3546680.8
1eb0113,3551242.8
cfd50cf,3552237.2
905d4e6,3549528.2
cc93ff3,3548225.8
52b8297,3549801.2
9d9460e,3551140.2
4bfb4ff,3555576.8
c570846,3556570.8
ec2e82d,3553862.0
34adc31,3552559.8
aec00f3,3554135.0
43dbc99,3555473.8
3e68417,3559831.5
f128135,3560825.8
937e4b9,3558117.5
9bd88b6,3556814.5
873c1af,3558390.2
f368d54,3559729.2
48f01a7,3561081.8
ff925cb,3562076.0
2e2537b,3559367.5
8da3633,3558065.2
bfe5290,3559640.8
d3d389a,3560979.2
7346794,3567861.0
b8e6895,3568855.5
abd76b8,3566146.8
281155e,3564844.2
f04da5f,3566419.5
9de728f,3567758.8
98bdd8b,3571871.2
68f22d6,3572865.8
0ff81dc,3570156.8
bedbd92,3568854.2
b6def68,3570429.8
b054821,3571768.8
286891e,3576939.2
0a2a64a,3577933.5
612223f,3575224.8
1427b76,3573922.5
d2d8728,3575497.8
eddc888,3576836.8
1f515f7,3579755.2
24fe1e0,3580749.2
efb8d2d,3578040.5
4e1c1a4,3576738.2
3f9b29f,3578313.8
eb30fc6,3579652.2
1eb7c9d,3584568.0
9a10420,3585572.8
a3729d0,3582815.5
0190c85,3581513.0
fd40b26,3583088.5
ac71e61,3584499.0
3f52319,3590789.2
1d15011,3591794.2
c16c894,3588965.0
0adc155,3587604.2
a41d452,3589255.5
8a939e6,3590720.5
26fe70a,3594474.2
4b10703,3595479.0
ded671f,3592650.0
eb10b65,3591289.0
9a965ba,3592940.2
d66830e,3594404.8
1b570a5,3597377.0
2bce4d6,3598382.2
8bd820e,3595552.8
a3f75eb,3594191.8
d4087fd,3595842.8
7e8b887,3597308.0
8d57147,3603797.5
7ef10fb,3604802.8
d082440,3601973.5
a5acafb,3600612.2
6561bc9,3602263.5
578a996,3603728.8
b52b447,3607566.2
992e619,3608571.2
a42d999,3605741.8
c26803b,3604380.8
79f7359,3606032.0
27e367b,3607497.2
0017549,3613200.8
e58eece,3614205.8
7e27572,3611376.8
1f5ae5f,3610015.8
b4f5199,3611667.0
df7fc9b,3613131.2
1c8aadb,3617222.5
2895517,3618227.2
7edbed5,3615398.2
06ab52f,3614037.2
12bcb20,3615688.2
b5f06e8,3617153.2
d7f5a3d,3621818.8
33f7a0e,3622823.8
18bf775,3619995.0
87f0da9,3618633.5
41b4f31,3620285.0
adf80d1,3621749.8
4bd090a,3638542.0
0a5a034,3638754.5
bec4416,3639092.8
0f65b08,3639039.8
fffcf9a,3638692.0
a02bf53,3638126.0
c3b515c,3479029.2
9e50a77,3479227.2
57b5b80,3479558.8
fc6e179,3479582.2
07bc8f6,3479215.2
422b13a,3478557.8
6b29853,3534134.0
4ec37d8,3534346.5
74bd6bf,3534684.8
128ddb1,3534632.2
13d90f5,3534284.2
cece060,3533718.2
535058e,3490956.8
71a3329,3491172.8
dbdd3e7,3491506.5
40dc945,3491471.8
39fd711,3491117.8
3652263,3490497.2
69e6111,3517698.5
0063e06,3517914.8
e8d2563,3518248.2
10459f1,3518214.0
a646bbb,3517859.8
c62c711,3517239.2
6ff2c69,3522579.8
ad6b15c,3522795.2
6b33995,3523129.0
77cd57a,3523094.5
6590e80,3522740.5
5847c88,3522119.8
898d2fe,3513686.5
105c682,3513902.8
19733da,3514236.0
ab307f3,3514201.8
9c09785,3513847.8
c19265e,3513227.0
92abe5c,3523795.0
2b9c992,3524011.2
b5eb6a5,3524344.5
93971d8,3524310.2
8d4506c,3523956.0
766e91e,3523335.5
841fa55,3543664.2
2ab928a,3543877.2
b416078,3544215.0
c767e5a,3544162.2
9aa1cde,3543814.8
cb93004,3543248.5
6d53871,3541490.8
f6d62fe,3541703.2
fbbc9a4,3542041.2
796e927,3541988.8
4d4bfc8,3541641.0
6222c93,3541075.2
cdbf2b2,3532671.2
4902d8a,3532884.0
61b705b,3533222.2
0b6479b,3533169.2
b8ec032,3532821.8
36f732b,3532255.2
8a8f895,3545840.2
5f02982,3546052.8
a2d6f21,3546391.0
7a3f4f6,3546337.8
7e7a949,3545990.2
e99bce8,3545424.2
898cb31,3524436.0
7cd7536,3524652.0
b46a7b8,3524985.8
2f72370,3524951.8
34c7700,3524597.2
b479124,3523976.5
3028800,3595046.2
a8f0cf7,3595259.2
729fc67,3595597.0
56ec97d,3595544.2
e830de0,3595196.8
bb4d96b,3594630.2
eb90466,3548357.2
a68ed81,3548569.8
726de47,3548907.8
d79b69b,3548854.8
7168712,3548507.2
1d37eb3,3547941.2
3197923,3605649.8
1e58871,3605862.5
ce80219,3606200.2
804311f,3606147.8
56570a4,3605800.0
fb06dfa,3605233.8
dce6bba,3569902.5
969c025,3570115.2
a3865a0,3570453.2
73d834a,3570400.5
f656f7d,3570052.8
2c29355,3569486.5
97050ce,3502347.8
8c3ffce,3502546.0
0a33171,3502877.5
a8f6b94,3502901.5
0d7b5ee,3502534.5
9066a17,3501876.8
ce539e2,3499240.2
9b7f73a,3499438.2
e57cd26,3499769.8
1e5d5b4,3499793.5
c88fcc8,3499426.5
00efe8d,3498768.8
1cc9237,3506134.0
dee53b4,3506350.0
8bcfa37,3506683.5
79fe687,3506648.8
cd40901,3506295.0
37c9b2e,3505674.2
53002c5,3497045.8
be9e2e3,3497261.8
a31db4c,3497595.5
9ec7bca,3497560.8
3f091a5,3497206.8
833f05e,3496586.2
ec9baa7,3609590.8
b5784c5,3609803.2
9aeeb14,3610141.0
be961fa,3610088.2
d8812be,3609741.0
54c6d7d,3609174.8
2291ae3,3591232.2
b9ea5dc,3591444.8
66824d9,3591783.0
5101cdc,3591729.8
63f7a2a,3591382.5
37ea6dc,3590816.2
09814df,3616248.2
deac12c,3616460.8
6b1d235,3616799.0
5f8763d,3616745.8
489e146,3616398.2
2843c63,3615832.2
684ff3d,3598139.2
0ec214b,3598352.0
fb4849e,3598690.2
2157bd9,3598637.5
d779573,3598289.8
311994f,3597723.8
61d1485,3606367.2
321f9e5,3606579.8
214003a,3606918.2
848dc2d,3606865.2
0a06752,3606517.8
2f65a33,3605951.5
2840b5b,3618424.5
7f039da,3618637.2
fefc381,3618975.2
61c9c81,3618922.8
f4a5745,3618575.0
0e654c5,3618009.0
ee6f6eb,3613415.8
9a3f8c1,3613627.8
45e03aa,3613966.2
7c5faab,3613913.2
302f462,3613565.5
93d76c9,3612999.5
e660c55,3635360.8
266b4db,3635573.5
0d80bcc,3635911.5
f882a6e,3635858.8
1498713,3635511.0
6d7804c,3634945.2
0a2f751,3634183.2
e663bb8,3634395.8
06c9d58,3634733.8
828bf88,3634681.0
f937de0,3634333.2
865b663,3633767.2
72af826,3648256.2
93f234b,3648469.0
b73dba8,3648807.2
fb01f15,3648754.2
fb83293,3648406.8
6371c29,3647840.5
c1ec04c,3498680.5
f8fb891,3499674.8
6e7deba,3496966.0
ce26033,3495663.8
16ee019,3497239.2
18cb76f,3498577.8
0a45ef6,3503212.0
5481d70,3504206.2
e5bc985,3501497.8
ab95a6e,3500195.2
e4f5145,3501770.8
1a98c08,3503109.2
7f8b784,3507432.8
9294f9f,3508426.8
6ade978,3505718.2
1e25a6c,3504415.8
7b78a9a,3505991.5
eea96d6,3507330.0
ad68362,3511810.2
e67acd7,3512804.2
16542a6,3510095.5
0bfcb8f,3508793.0
b2a42c2,3510368.8
ef0e377,3511707.2
3fe38e6,3516143.5
af4ac8b,3517137.5
c76ae64,3514429.2
9834953,3513126.8
c791eab,3514702.0
71ef191,3516040.8
4f6dc13,3520300.0
d80935c,3521294.0
6ccb914,3518585.5
5528830,3517283.0
3f48f48,3518858.8
6270639,3520197.2
4905448,3524981.5
a736682,3525976.0
abd9a71,3523267.5
3970330,3521965.0
5da3428,3523540.8
e7b8a3c,3524879.5
49f9a84,3529272.8
0dbf2e6,3530266.8
b22c335,3527558.5
d2744d9,3526255.8
6577bab,3527831.2
d6736e0,3529170.2
7abfd74,3533549.2
39e624a,3534543.8
5a5b4ad,3531835.2
4858e94,3530532.8
623e349,3532108.0
74ec7e8,3533446.8
43fa93f,3537928.0
b10afb7,3538922.2
a83a810,3536213.5
dbfe6fa,3534910.8
682a568,3536486.5
e37fe2c,3537825.5
1f3c4ff,3542493.8
47dc703,3543488.2
9e1b1d5,3540779.8
5ed5592,3539477.0
559a634,3541052.5
9fbd373,3542391.2
8d957c5,3648406.2
1f568ee,3647877.2
bf13221,3649047.2
67075c7,3648004.2
66f10bb,3648286.8
4f43c5c,3647873.2
2f2beea,3649156.2
27a2cb3,3648627.5
2d5c502,3649797.0
6e37c86,3648754.5
6812620,3649036.8
4a19958,3648623.2
2837f07,3640490.8
782ea28,3640703.8
d11025f,3641041.8
f1f23f1,3640989.2
498cf53,3640641.0
1bf31bc,3640075.2
95a66d8,3651379.8
51c96d6,3651556.2
6697bcc,3651915.8
0e41597,3651855.5
7eff245,3651503.2
645f055,3651046.8
76f9590,3548777.8
fd5ecec,3548990.5
c3ec5cc,3549328.5
42721b4,3549275.8
a916426,3548927.8
cedda4b,3548361.8
7d678fd,3591607.8
c8456cd,3591820.2
dc549e7,3592158.2
52a95bb,3592105.8
ef884a0,3591757.8
067a56b,3591191.8
8e75c94,3559749.8
12adb8e,3559965.8
4c01878,3560299.2
7544d92,3560264.5
d5c3a92,3559910.8
5c3253f,3559290.0
619f2e0,3592025.2
876729b,3592237.8
d616fc6,3592575.8
d031cd2,3592522.8
a24bb2b,3592175.2
56ee61c,3591609.2
98f7a79,3614205.2
3a72da1,3614417.8
d9b3050,3614756.0
46642ae,3614703.2
e3d9385,3614355.2
af65a72,3613789.2
70511ba,3638231.8
735882f,3638444.5
f7a953b,3638782.5
d77fb16,3638729.8
c509184,3638382.2
3f3a4ba,3637816.0
9e9b678,3623362.0
4392545,3623574.8
c52a1b2,3623912.8
c48e539,3623859.8
f2b4e21,3623512.0
fef3e38,3622946.0
301016b,3607217.8
9497f93,3607430.2
3892640,3607768.8
0143eff,3607715.5
bbf4b35,3607367.8
4ec96b1,3606801.8
e4c63d7,3596217.0
320255a,3596429.8
efc3db4,3596768.0
52e1922,3596715.0
49f0441,3596367.5
aef3584,3595801.2
a2e710c,3566991.2
9a432f5,3567207.2
cafdd1f,3567541.0
61ae97e,3567506.2
9006ea1,3567152.2
2cf084d,3566531.8
7aa61fb,3559064.5
a196652,3559280.5
111379d,3559613.8
17ac035,3559579.2
218ec00,3559225.8
b5eaa0f,3558604.8
be157ec,3613798.2
7dab409,3614014.2
e28a0c5,3614347.8
e9313de,3614313.5
081abaf,3613959.2
0e65a8e,3613338.5
92f382f,3614139.0
9bc19d7,3614351.8
35754eb,3614689.5
d89abc0,3614637.0
1a074c5,3614289.0
ed9dbde,3613722.8
96e38da,3657857.2
dc6074c,3658070.0
4e98592,3658407.8
9b82755,3658355.2
e2d6ce0,3658007.2
c90eeb9,3657441.5
9071c79,3679895.2
c3fd649,3680108.2
bf45e9c,3680446.2
afe032e,3680393.8
56bbd9b,3680045.8
05abb40,3679542.5
