Incidence,ID
3954.8909,6c06615
4094.7405,e0cf76e
3999.0017,e9f95f0
3653.5872,5dffe44
3458.5928,9f9ea9b
3288.076,6896488
3704.9963,876b028
3801.7314,7ce72e2
3703.3237,9cd2749
3499.1167,84719e8
3343.783,22ae4c5
3144.864,18a4727
3625.237,0c22b19
3876.5344,6482a24
3765.0625,ecefe76
3437.992,d6c69da
3320.143,eb5d6cb
3203.656,403aca5
3565.3704,a2b95d6
3751.3577,a1908a8
3626.303,505415e
3396.596,f786e41
3307.807,8f00430
3136.6262,7b1c086
3378.55,8121180
3489.343,0e04943
3485.953,96eee48
3388.4011,ffd7748
3027.2598,3e6ac0c
3041.5735,e6616d1
3312.8025,7b252b3
3498.7,0c7ff70
3597.7537,76b1fbc
3227.668,8d795b9
3177.0774,30f3314
3060.3352,e0765bb
3279.5745,15d61cd
3506.6672,d7351a4
3478.1343,a02a8c9
3232.323,f35189b
3073.9407,6f45b0a
2970.6267,ee3fc13
3199.7935,c913d68
3421.574,4dec7bf
3547.6729,daaff37
3269.9148,e5a07d3
3280.0925,efd06d0
3062.0164,c037c6b
3124.7173,1110030
3407.008,6ce4789
3542.8093,c5eb9ac
3280.1003,76d7382
3096.5747,9a3ba7e
3045.2117,f200b42
3164.4148,1c4e1dc
3431.3123,aa0d75e
3680.9324,fd1647d
3435.8564,4fb9ace
3131.1267,a26e712
3061.2317,b0179d2
3067.1252,23043db
3361.3591,655708c
3626.992,2187861
3514.5156,06e7330
3130.5735,ee7f0e4
3054.3464,2d72e8f
2789.882,e250a73
3080.8455,b21c05b
3425.5654,9b375a0
3321.3625,68e4a96
2968.3357,89b9241
2965.6365,05c79d9
2911.7908,5c825db
3258.511,b9e498c
3658.1208,60895de
3551.9265,f5cfb0a
3048.5884,8363c20
2990.6914,cb7a4a3
3127.0105,4cc27bd
3361.2083,c43f8b3
3722.3464,689a8af
3631.9744,4092aca
3239.6074,6bb2b7e
3166.526,49276dd
3323.448,e82d3eb
3621.642,fa9d74c
4064.4788,d2f7027
3963.1033,52dadec
3570.8171,f6a42a9
3394.371,9301297
3125.1082,e390ed9
3463.215,495c3ec
3919.326,0f6a44d
3836.4714,9509b6f
3406.9412,aeed999
3254.104,0c3b4fb
3177.4246,2187382
3540.798,0cb37bd
4062.612,095a94a
3969.9456,4ba2ebb
3521.9263,22a1bcb
3228.614,f53493d
3588.8977,e0929cc
3946.7014,834618e
4487.7026,2d50839
4402.001,84c14e8
3888.9473,4529661
3546.5903,8ba2c39
3807.979,87079ae
4365.039,438ff1c
5083.619,0c2f158
4978.125,755b4ae
4321.7573,b6d2c41
3851.473,af14618
4071.7058,9ea1b14
4785.044,ef7ae73
5506.0566,f9569e3
5401.132,a1ca768
4708.0474,3774bea
4223.7295,8b6872c
4289.299,cbad409
5200.6885,89387b9
5924.9775,baa37ae
5819.4834,397e0ae
5049.801,1894aa7
4428.6787,f52ecfb
4284.6914,9708875
5207.2246,40ce2dc
5929.078,9e86ad6
5823.584,53426d9
5077.8076,2f30ecc
4498.9277,9d0482e
4786.922,7a90863
5824.0566,a222508
6548.3457,457799c
6442.8525,eeb34b0
5674.2207,6df2fc5
4948.587,b1d9a16
5390.9062,afd2c53
6385.07,06991bb
7114.625,94e53cf
7003.865,e7d4a10
6273.374,5d3e109
5399.1963,c02b98e
5331.9253,da27ff6
6286.169,409d597
7010.458,e76c65e
6904.964,2a6a894
6170.999,0a5999f
5375.439,0afd027
5685.714,f982966
6514.2207,c5cff8c
7203.757,aca3a7b
7104.218,1d3cebf
6414.1704,ec7fcc8
5635.493,c642027
4623.778,6f4e16d
5847.006,8cbfd5c
6742.93,ebec1c2
6633.0645,a293fd7
5661.018,4003359
4806.8755,f2168a5
5334.55,5350ec2
6557.7783,f654396
7433.625,0841eb5
7318.51,97d55fa
6344.067,28751c5
5468.507,10611eb
5173.2925,779c31a
6396.5205,1ca6d63
7272.368,5308adb
7157.253,72aca77
6181.6245,2de2077
5274.39,c386017
5039.1924,4644019
6270.8525,755df05
7192.6504,9d314e3
7097.3,216c726
6142.594,f661616
5259.662,8b31800
3794.8835,2b337b9
3921.8604,e0b2889
3804.1917,2aff575
3582.7014,6e12e5f
3406.059,0dfeed6
3229.895,a5b56ed
3909.0317,0aeb368
4054.0273,ca4019d
3923.6423,c9ab59b
3666.607,d8520d0
3502.9827,caa0336
3360.8232,379219b
3679.3403,47c9d81
3817.1248,5ced535
3745.0012,f084d05
3376.2195,fa2061e
3380.703,b07f33e
3263.694,a77b481
3547.3103,0434a3d
3615.8376,ca691f9
3517.984,def157f
3469.8704,d6dd9b4
3272.8333,ec2a679
3070.2422,1a23cc5
3387.2625,a4d7800
3569.943,95e64ba
3669.6765,fcc0004
3195.1584,7ab2b5f
3040.8052,73f5474
2934.326,ece0bef
3500.7417,1bc4433
3706.6914,505b02b
3804.9695,972b512
3566.2644,ce48e10
3397.1301,a33b551
3271.5227,71a8e05
3382.3625,16465c1
3574.5173,4551fa3
3528.0056,96d907a
3268.9944,1059061
3069.935,83389f9
2949.408,70ca270
3170.3005,132c243
3294.9578,7ad868d
3586.0142,be2b8ca
3107.5852,68ec7ba
3085.4304,02dabd6
3030.2974,2f3fd0e
3338.447,73142ee
3465.2922,43486df
3617.7656,af17a9d
3303.3206,d801988
3240.048,78c10fb
2902.2717,b22ef7f
3227.5762,ef24e7f
3512.55,d197d26
3714.28,77c6ece
3507.8652,070e6f1
3265.605,9efaf4c
3177.5422,019a08e
2525.1306,21b1c9f
2874.719,986c331
3060.2144,a51f3ed
2914.591,31fe347
2515.0125,27a2ab0
2429.7563,bdcedec
2800.325,006856b
3161.4294,51928a1
3440.636,75fa097
3332.699,55f7e1a
2845.0383,2bdd35e
2692.006,8025e9f
3240.3484,56ffb40
3552.2668,615a480
3893.4883,769630a
3831.8098,aceb872
3280.5354,1567e81
3060.9321,1565b10
3026.6963,97eca49
3382.866,76d8335
3794.7024,5496be4
3718.6995,079fd33
3209.8728,3b7babe
2958.404,830f896
3025.3884,4ef308c
3531.674,f1215b9
4062.46,e54d0c4
3984.7073,e7feb07
3352.9182,c42d89c
3042.0269,0fa8ee1
3009.7776,e443efe
3665.9856,4a8adff
4274.97,75476dc
4174.835,ef3f196
3481.6697,bbdd023
3073.009,11dabcc
3058.9895,6bd66a0
3778.38,4891d81
4427.9873,7e695bf
4331.824,09fd59d
3624.198,42c09bd
3184.3223,584d418
3501.603,01063a6
4238.609,a032ab9
4939.084,64e02f3
4833.59,1dfb4ad
4094.4773,aff7030
3563.6133,9d4e995
3930.9001,1d239e0
4753.429,924bc5a
5455.6694,c3722df
5350.176,2c0a3cf
4600.8516,87ab97d
3967.3289,1096910
4233.1104,55fa901
5074.043,c1702cb
5793.823,e379504
5688.329,783e057
4935.0977,6d10917
4309.6064,93adacb
4309.668,db7a6a3
5083.243,570d4b6
5647.876,8850167
5589.832,dfc13a5
4961.3594,9e85e80
4439.432,5a2934c
4593.8574,4e98783
5610.4883,cd95ada
6334.7783,4305cd1
6229.284,8baf2e1
5398.6113,f5d29f8
4628.131,551ee64
5270.708,85c2a82
6223.2666,e9289d8
6947.5566,261f78e
6842.0615,56a3744
6051.862,fd69d2c
5246.037,c5d7282
5344.8145,a4d4650
6358.91,8b2731a
7083.2,6802d71
6977.706,98213c0
6212.922,218ebe2
5395.163,fb93b5f
5343.1426,f2f536b
6312.7856,14860e7
7037.075,f7e2f1b
6931.581,d674788
6153.468,c6bad08
5324.665,5589c38
5639.6055,287c19b
6576.6787,3e194a5
7280.673,02b3ba7
7175.1797,ae0cb88
6390.3564,eebcb26
5587.9785,cded2ab
8923.826,21ca46d
10119.464,6385b09
11017.501,f155189
10883.892,afd775c
9939.786,d8537a6
8960.533,65c81b1
5561.4033,c75a1da
6784.6313,16e7d3f
7660.478,e3922f4
7545.3633,328e50f
6569.7354,7428a25
5671.5703,bf3ce63
5474.194,a4dfe68
6697.422,7935657
7573.269,1b6013b
7458.154,d302f61
6482.5254,bc251c8
5575.2915,b0676ac
4839.615,c112573
6062.8438,ea12f66
6984.379,9e7b3f6
6874.5127,62b0529
5864.956,de655f6
4954.1357,0aa57c8
3954.8909,dcaf397
4094.7405,8d8a8fa
3999.0017,5e78b01
3653.5872,51509f1
3458.5928,7320d87
3288.076,85ae3ce
3704.9963,5eba476
3801.7314,a44f659
3703.3237,27ebf99
3499.1167,39b5598
3343.783,ded1b3a
3144.864,6daa2bc
3471.0105,469db6d
3888.6218,f215fb3
3869.78,537c41e
3514.263,cfc80d2
3445.8618,976698e
3231.6062,a9f3eea
3231.211,40f420c
3495.3699,039d32c
3550.1418,ab64c01
3390.8997,5583069
3201.5278,07f551e
3113.0195,04ca339
3409.985,e4e2915
3606.4895,4506929
3255.2317,394a10b
3042.921,26d6c16
2850.6924,15ead00
2719.716,540bba4
3273.4294,8298c39
3452.5867,7f9ddec
3457.9453,77a3906
3352.8323,90f3ebc
3135.4053,f7b1542
2746.639,bb10131
3326.3618,9eed0c2
3401.5764,700a6a8
3307.3457,baa3dc5
3256.8174,76a3c2a
3013.2283,9e2e0d2
2921.1458,e850603
3390.1738,ec35891
3540.4844,61a2588
3601.386,b74092b
3218.9692,3770bbc
2937.128,14f6dcf
3072.0183,f523f4c
3197.9758,1382ee5
3450.5999,6aedba6
3584.3657,80d1c37
3431.4568,17bbf1d
3117.6833,c81cc59
3015.4534,a11a275
3185.967,814f04c
3530.208,6abe1b8
3577.7454,da0e6a8
3414.9788,ee2a31e
3144.2397,2055a80
3035.522,8fdd1e8
3093.2756,cf9ca45
3356.8513,a38a128
3664.6995,f99e392
3541.8523,8d91e08
3124.4211,3a5e13a
3020.654,a92d8a9
2625.3792,eeb67df
2969.2913,95782e1
3199.4648,f2415c7
3107.4827,2423025
2791.6973,27df248
2698.8513,53e301a
2835.5132,e356faa
3178.6814,78bf9cb
3652.9626,cb404e7
3558.9602,1ab14cb
3010.2522,d80ac7e
2862.277,493becc
3281.0913,38e2a89
3693.325,8fed3c2
4279.588,237a1f6
4165.995,2e0ce4f
3508.8865,769f318
3248.416,0486128
3233.2244,915e47c
3807.8086,d2cad09
4468.664,16698d4
4360.8105,bfe174a
3624.7014,9f96595
3300.1526,629cb5d
3386.5276,010a375
4191.242,982580c
4868.8037,76c0dd5
4757.175,075df2a
3962.065,c49d6f5
3581.2073,937193c
3651.3914,ff8178e
4512.2207,009b792
5131.318,bc14e30
5031.7407,6cdc5d9
4268.19,8caad1f
3871.431,3f42f90
3818.9597,1c81cb3
4725.6357,5a4a47e
5406.1333,6c2a8fa
5306.5557,24718b3
4487.174,125784e
4022.915,f17688a
4151.7964,5ac3100
5086.2646,e37c2c3
5802.756,79f8305
5703.1787,7aaf0d9
4879.377,2674aa3
4292.9717,e32bd5b
4179.0806,1814427
5159.8457,fc2850e
5854.3906,a372567
5754.8125,a2bb60d
4935.287,2014fce
4394.3037,99fd4b3
4416.522,f38fb98
5381.0107,dc94af5
6096.7764,5450f08
5991.2827,70afe40
5184.493,56d4cf8
4637.878,78a28c0
5227.005,13d46be
6248.7017,ad2616c
6961.3145,b497065
6867.451,10410fa
6042.1943,8d2cd13
5318.7563,188b356
6700.542,2cd369c
7696.44,10206a2
8363.459,91bf3e6
8257.965,ebaffe0
7404.1455,c1e2b10
6474.286,5899256
5159.9316,6adcdc4
6240.105,0e8d54e
6963.792,0bcb7c0
6862.578,f91616e
6035.8115,0903bfe
5155.0205,4ed6542
4743.303,2930c6c
5726.2275,62fa7c9
6406.8594,31154c3
6299.0933,3caee94
5496.818,5d99570
4638.8315,6df31c4
5621.9707,a40c575
6663.714,901eafd
7388.0024,fb6d509
7282.5093,dacebb8
6457.9326,b51d6b2
5607.8945,c6fec4f
5221.1284,5ad11f6
6444.357,8ff3d00
7320.2036,93d172e
7205.089,2920675
6229.4604,90c1b37
5322.2266,e54953c
5770.836,413461a
6994.064,1b4d6b2
7914.155,a144f4c
7804.289,ebaee1e
6791.3545,1edc88a
5891.1006,c9b66c8
5868.92,f4feb9d
7092.1475,7ef1f98
7967.995,ba415d2
7852.88,a503bc9
6877.252,a155ae0
5970.0176,3c09780
5204.758,e237dfa
6427.9863,3d594eb
7303.8335,43ed96b
7188.718,04e5fb5
6213.09,2a27a05
5305.856,c39b801
3826.7053,fd881a0
4010.239,a1a3641
3841.346,072d1c5
3673.2544,25a41fe
3476.748,d31dea4
3318.9714,e505318
3786.0066,af0392c
4002.324,44752bd
3845.8596,85f865b
3637.1572,9fafc3b
3425.154,b596581
3261.5999,c3bc166
3723.6267,1b94497
3941.1194,f4c528b
3800.8552,64d3624
3580.4128,f2cc9e8
3362.3538,a0d4e19
3193.266,43a1f14
3598.47,b6faf44
3845.4285,d67fa4e
3743.3933,91b1a56
3501.3394,2bd5ba6
3270.8418,4ec84ce
3099.1094,fc273e0
3506.4548,ac2e29f
3764.261,793b0ae
3673.3997,e7a688d
3433.4167,044d71e
3212.2708,8936e40
3017.7566,2bbfa34
3499.277,13ef427
3766.9814,d00e3ff
3679.7705,ba3ce97
3419.7688,939194e
3168.0952,6667289
2988.9321,50d0a63
3312.2537,662f7d8
3576.4275,cf2f36d
3552.6472,e22d811
3305.2634,8d79951
3058.7048,8aec6e8
2886.69,187c670
3555.2986,fcfdc71
3872.4514,f73e8ff
3812.258,a251d89
3551.0261,7c76260
3286.3958,d9bd1a8
3042.578,b6bb878
3390.4148,0206db6
3678.0403,90f5783
3643.5618,0d6b10c
3438.3752,bb2c8ed
3233.9768,97e41ed
3033.8987,ff810a4
3407.434,b9a7cd2
3689.6565,7cc70ec
3736.2917,9024261
3579.6272,29a885c
3337.3079,19ac7af
3127.4705,70692b1
3088.6519,53e02a1
3390.7124,ad27f64
3587.639,970ea49
3496.7502,0d45c94
3123.2244,f641c89
2974.0461,99fed41
2834.454,3473d0f
3195.3733,28f6bf5
3541.9153,89e754e
3442.4795,2f56e8b
2967.686,b6dd8d5
2813.9573,0acb707
2788.133,e5f7f5f
3295.4426,06136b1
3723.025,4649a28
3637.6736,4e74ac1
3112.7039,24b55ad
2926.9988,ad78de5
2990.4978,04b5808
3439.8904,88917e1
3986.586,267e59a
3888.8906,d108987
3299.6602,e9ec841
3083.6519,45c22fd
3400.904,bcdb1ef
3966.6667,93ce972
4501.3994,63e1c01
4409.6924,afc5364
3799.5286,550cbaf
3425.3162,fb2acc4
3744.9602,ec9388b
4477.0537,a9145f1
4978.9595,e5b3a0a
4933.56,7b7725f
4303.205,8ebebcf
3767.0774,8dc9457
3591.464,88d24dc
4320.1377,a610d85
4993.9795,35b8343
4888.486,bf0a3c4
4194.9434,d0b2596
3716.5315,f9d46b9
3949.0981,5ffd7e1
4669.7217,351c827
5363.6934,9594a79
5258.199,ed89f40
4614.944,7d681aa
4095.8035,b4a4d24
4097.0405,210b377
4912.5513,7623502
5634.173,8ba85fe
5528.678,3896a67
4803.0737,ee24efb
4224.3887,4669f60
4298.757,6894dc4
5201.594,93e7d2d
5925.8833,80ae8c3
5820.3896,416a426
5039.442,f33523c
4367.8457,126f82d
4554.9634,9a8ba45
5504.159,a1f91e7
6228.449,af10ed0
6122.954,f271df5
5331.924,1fe3b48
4691.792,a4615bc
4813.6465,4bcf457
5810.9824,2310dda
6535.2715,a5b3ce3
6429.778,2531708
5633.331,64f84c5
4881.6606,1bdc33b
5124.1396,8d6250d
6130.12,5cf50cc
6854.409,043ec93
6748.9155,4809ee9
5952.177,e966a41
5141.6636,9c69d4a
5624.5703,776f8c1
6676.611,1077ac0
7400.9004,de1dec7
7295.4062,f4058e8
6490.506,79d0466
5661.9233,344041f
5668.2085,7188c07
6720.57,a5d2fa4
7444.8594,c4873ac
7339.365,343f2f2
6517.632,537ae62
5641.889,66bbc04
6025.9688,739123c
6967.7725,59ba538
7691.3716,8569843
7585.8774,55e1798
6768.657,7d59400
5819.1914,b83baad
5421.324,08de83a
6644.552,06fb43f
7520.3984,33a2633
7405.284,11c8ada
6429.6553,2122ea5
5522.422,e488a74
5234.6387,f4f3fc5
6457.8677,98ba478
7333.715,91fc5ea
7218.5986,e4b7bff
6242.9707,269d5f5
5335.7363,5e87ed3
4893.6665,08803d3
6105.422,520bc05
6930.082,dc92e6d
6851.591,7232204
5940.835,94d431f
5068.109,4583c62
5298.849,900f72c
6503.861,47090d9
7367.8457,54e4df0
7259.908,3a78b58
6323.9067,a299005
5369.9185,f9554af
3951.242,b8515dc
4087.215,6bba15b
3922.1018,e16a3c6
3769.5315,90c82ac
3584.4377,52c8be2
3424.1492,8ae0253
3796.339,380f046
3983.2275,417fe30
3841.3123,2169b3b
3564.799,2d029d1
3457.341,7bf6309
3304.9329,42f87b4
3629.088,3d28bae
3879.0083,95067c9
3766.6582,652c089
3449.7532,7647779
3293.707,f100720
3147.1428,d0eb27d
3334.5193,300de3d
3558.3752,9cece62
3504.5198,1eb9792
3359.01,1df5085
3102.2722,5cbb637
2992.17,0ffe6eb
3264.5027,c3faade
3713.1775,e35507c
3556.9807,ebee31c
3162.026,dbda5c9
3046.7424,ae68cdb
2879.4006,ad87bf0
3386.4797,9ac146e
3526.3794,5e0f27c
3466.4656,927d69a
3232.1274,b8a5d4d
3087.4548,be4deab
3063.9397,7819852
3309.8308,6ca1ab2
3522.7314,cbb99f0
3483.917,0e8bee5
3241.079,1be9f88
3090.3586,047a439
2897.2507,095755d
3356.697,7d2e092
3320.1814,a9d71c5
3608.5269,b0ef410
3126.0906,b16a2d8
2952.7234,f5209bf
2957.7898,29a2b6f
3148.5427,28cc22e
3387.739,93bb035
3448.0044,0ff10e6
3250.0273,44d130a
3056.5134,3dc02c6
2919.848,b98a08f
3275.3372,2b1ad0e
3450.4612,2bb68ae
3599.7454,fb02738
3427.034,8a32d2b
3116.925,0b82138
3011.6658,5e3b8d7
2855.8984,193ad73
3129.331,929f4e3
3347.6091,06c9666
3234.6387,b5864a4
2869.367,ed4c6b5
2815.64,f26eb37
2958.4856,aaf9992
3275.283,4894d11
3610.8684,ffae623
3496.2712,60f1482
3009.14,6b461b9
2947.2424,b8840c4
2903.514,b4350db
3250.6108,1ebd5c0
3722.2742,b46962a
3613.517,b0df938
3050.5823,c32a0bf
2958.9124,ad4a2ac
3044.7878,9f13744
3485.2043,bb2781d
4035.5098,8c2549d
3944.522,27a839f
3308.4563,3b3bcf2
3121.5012,7effe57
3077.8757,0aa8c36
3656.535,0f9c072
4269.7476,4918c10
4178.76,535d33c
3473.552,7513dcc
3193.7444,79205a9
3323.8276,1ec612f
4001.7656,665c96f
4618.3076,d50c6d6
4527.3193,e1db582
3795.713,f227a61
3425.7805,6be9aeb
3309.7751,5160b3d
4059.5627,9d446cf
4678.071,e023963
4587.083,d0e2efe
3850.3416,168f283
3390.7136,f0315fd
3611.3704,b8b94e6
4390.082,d18570d
5081.7354,d6db55b
4976.241,92c0daf
4213.2827,c0973b2
3730.4602,e01af88
4128.409,f6308d8
4931.469,4f45bfb
5650.6826,39ba29e
5545.189,045f712
4761.4717,51d94c4
4199.1875,1e7114e
4458.2656,6c64c1b
5292.6797,3f4d998
5909.864,472ce0c
5851.305,1c54eb4
5113.881,0654cbb
4616.5684,6e9cff8
4317.879,7048243
5320.786,b5bbdb4
6020.8105,dfe56db
5915.3164,0b668b5
5116.2695,1ad6a59
4503.7783,5e1e1b5
4789.2666,1c8035b
5699.21,35c9161
6423.499,fb3e42c
6318.005,6d32358
5513.6377,aca11ac
4807.3135,2ab2a00
5058.867,8ca228a
6101.181,0630751
6825.4707,af8d359
6719.9766,3896c31
5908.1875,3a94cc2
5086.5273,a3000be
5119.161,680a394
6170.7305,f633fc6
6895.0205,f68f65d
6789.526,5fa3e62
5981.0146,d038b89
5078.0723,4789d8d
5315.642,4582512
6327.164,2bd5207
7051.453,456d1a1
6945.96,4733310
6126.8716,ab52d54
5244.4253,aecda2c
5852.604,bd7dc26
6825.6885,26bd45b
7549.9785,3be0180
7444.4844,83ef4b3
6655.203,cd8bf7e
5740.8867,f6b232b
4964.039,1439902
6187.2676,efe2a55
7063.1147,e9be2e6
6948.0,293eff9
5972.371,8f873d6
5065.137,9dad691
5428.808,761b987
6652.036,b00e6e7
7527.883,92c9e6d
7412.7686,209894d
6437.1396,e3c2224
5541.448,3213ea1
4880.84,8689412
6104.0674,9ae5ae5
6979.915,0e9d117
6864.8,a961b17
5893.9834,0488a30
5019.7773,98a47c7
4972.868,5ec6f0d
6196.0957,6cdd701
7106.4463,558b14c
7005.447,7e973f9
6027.38,3ca68ee
5150.8477,822cea2
3637.5232,a4b0162
3887.3103,302d8cb
3744.759,5758c54
3520.1248,ce52a0e
3278.741,9ee5f69
3136.054,a77723b
3604.5876,fb6c009
3818.4165,e1bbdaf
3679.0042,05435e8
3459.8062,208d647
3242.5322,0540725
3083.09,6271537
3658.6946,0015a2d
3872.9102,f43af6c
3744.7698,457d9e5
3512.6057,5f55fae
3322.4343,73b59df
3149.9016,88208e2
3516.8733,37796fd
3728.6301,b499644
3628.548,16e83be
3396.3635,b20c73e
3203.5586,abc5fbc
3065.27,796cc6f
3227.9302,980e147
3408.7915,e24abe7
3326.7722,8ef3ba1
3094.2039,a19a474
2984.3665,875594a
2860.057,d44ef2b
3099.2708,c13ec0f
3276.9983,1e05299
3220.547,8e3f62b
2986.6528,c7d850d
2827.6365,19069c4
2671.0994,836a2f4
3315.7625,e9c7e93
3555.6511,514817b
3486.1013,9366f7a
3256.4233,e750482
3067.5618,c76478a
2884.3145,9dbe199
3125.4226,5b4b054
3350.991,20dd7a3
3304.9307,73a67aa
3089.4976,cd46512
2925.806,206ac29
2746.5608,5f76aae
3167.9714,6b86d03
3447.9358,61f2379
3499.372,eac1241
3316.0662,4b2a86f
3064.3137,939150e
2921.4087,e08ca3d
3190.5881,0f1020f
3494.0105,b278717
3541.3875,84862a6
3368.4456,ba14c9e
3075.344,2aaeaa8
2901.6863,6cd0340
3116.5442,02dc52f
3385.223,23eae23
3553.6194,45cc14a
3414.4414,47945a7
3081.7722,afbebd9
2974.023,34c51ca
3122.161,ec2a1e7
3457.9568,74c1fba
3680.757,1a1c7a4
3569.8242,db49687
3133.6445,4c9a69e
3041.5042,02f0fbf
3246.8352,a14536d
3628.1204,e4544a8
3978.206,d4a9625
3865.5305,3c4f957
3321.924,deb2089
3211.2517,de0f481
3290.952,33ae310
3696.113,316af48
4105.96,bf3ec58
3997.2532,acf9be2
3430.6907,e251e77
3262.2612,053edf6
3347.9246,e48bdaa
3855.6184,8be8457
4356.322,b3c0d78
4252.5737,9719996
3613.471,c84c805
3384.321,19e2490
3518.7083,908f18c
4173.776,c1016ab
4768.9707,5c45e3e
4664.3477,5df6cae
3927.669,02722ca
3611.9807,6254013
3604.6233,2027d8a
4392.4688,7714527
5070.202,e16f82d
4974.228,35e9a2f
4187.895,206ca46
3834.9177,9d2247d
3860.5393,96d79c8
4756.259,a424e85
5473.75,21f1bbd
5364.252,87c8537
4575.0605,1786406
4148.6543,23c6143
4174.4375,fce0e51
5158.464,cc57977
5861.621,58932fd
5742.493,01316a1
4941.241,4966608
4453.9565,5a191da
4486.2656,00d88b3
5522.2393,b750436
6226.3115,fb64d57
6107.182,050b749
5296.9585,3b4f9d1
4738.167,4734f2e
4765.198,d8628cc
5851.8965,1dc524e
6509.3584,f9aa114
6400.49,743547e
5619.1035,bf5eca8
4983.443,c9eec87
4922.9106,a64b113
6016.8613,fe5b73c
6712.95,53e8757
6593.8213,0d2a363
5786.289,1e3e88b
5095.1265,4e61325
5200.8013,8179def
6300.045,46a956c
7000.9717,ba07700
6881.8433,61aa616
6066.1343,759702d
5286.1855,f10cec5
5400.204,ecc7e5b
6514.531,957dd8a
7224.725,ee121b6
7105.5957,8a815b2
6267.3916,92806bf
5503.092,4cb33fd
5694.2583,76ff37d
6820.398,d3d859f
7545.582,b2b5965
7426.4536,cb6ce80
6588.294,628722c
5776.496,6b6f234
5876.083,8e1405f
7004.5625,8ba8c0b
7704.867,b35ba94
7585.739,8d8aa0e
6735.387,2777446
5909.168,7576b66
5964.082,7b44356
7102.2207,2591e59
7824.701,7f33c2a
7705.5723,f73dc5f
6854.286,817d0bb
5958.5215,e16183f
6497.934,80055f0
7640.9707,c47ee03
8377.028,5c995fe
8263.169,ee9984e
7414.7686,4e34da4
6468.291,6815f60
6854.659,7dbdd5c
8007.955,c1db3d8
8735.067,48093bc
8615.938,e6175cc
7758.784,923bc64
6829.9473,a4b0075
7074.9766,fee24e6
8232.543,9f565f7
8954.593,24814f5
8855.016,f0329bc
8011.409,03a95b6
7053.5254,ccf612a
3954.2327,b333ef3
4264.179,33b5ed0
4053.0056,3b148a7
3882.9558,38f366b
3583.14,d104067
3385.0505,1ab691c
3994.8225,28f2066
4264.7505,da411f6
4123.655,601b4db
3954.238,e541785
3664.9973,de5d36c
3419.6824,2040b04
3604.5896,e8f674f
3824.798,d582d11
3693.9043,4eaeee1
3394.9055,dbc481f
3249.3816,f611641
3066.8518,8900893
3336.8757,d26529a
3452.2014,84e1905
3382.3118,9fbddcb
3330.1377,c13da2e
3191.1777,8b5a4f5
3160.785,fa601f6
3624.6587,7df2c70
3751.884,bdf5ba6
3712.6204,c27c0d5
3478.5564,8407afe
3337.5024,fdb1165
3280.068,6c1f3a4
3327.4587,7e44ae8
3487.0032,95b60e5
3619.548,e264ada
3367.817,60cde2c
3209.423,6cc9eaa
3076.9385,9ea0259
3368.862,fca2490
3527.2273,441d702
3490.837,fc0fe75
3265.4785,c494f32
3190.3928,fbab97d
3104.7478,a93849d
3306.3079,e3e4159
3675.5488,9e017f2
3666.972,ab5c56f
3336.2776,1a02d90
3114.241,b99ce08
3038.9019,e1e0b3a
3071.652,f33bca5
3394.1826,ccf076f
3325.8813,44792c8
3221.101,8162a12
3046.7986,84f2f32
3060.276,8371682
3279.6077,9f9c0c2
3584.8513,fb6598a
3735.8625,f7d9583
3637.3005,22332fc
3325.4722,74e0d52
3239.986,2a53e73
3289.9397,8bd16fc
3574.4475,bdf22ea
3697.223,115d9f0
3638.5466,f42b85f
3345.5098,40beea5
3227.0203,5a98d82
2514.383,0dfce8e
2852.5273,a21c686
3101.9177,6ae7628
2987.491,d9e7953
2642.4485,ad449fa
2658.3997,9c44a6d
2748.3325,cbf5f64
3087.6497,1b66b37
3296.414,70935de
3192.5908,e54ba45
2884.3538,96ab2a0
2817.09,649d615
3097.3083,5d5cbbb
3407.6526,731acd6
3808.249,4b55f29
3716.032,e856648
3316.237,514f400
3212.8044,330b5f1
3026.0708,cb83102
3519.788,d49ff58
4173.6816,03b0da3
4068.188,45acecf
3442.1577,caaf559
3187.8044,8b8b367
3067.9885,39c01c2
3628.7612,5d8223a
4267.4355,2044c8c
4168.549,ca7a14d
3536.914,3833f61
3205.0208,afdf06b
3434.0173,53b655f
4167.665,a0a2932
4888.145,7070fd8
4782.6514,5eab72f
4044.3738,56d377f
3590.3145,3de5a69
3984.079,7d44cb1
4741.089,5c63480
5437.2803,565a3e8
5332.163,1036677
4675.096,87252ac
4183.7744,f5e2075
4268.447,337c4be
5161.926,d91f931
5886.2153,a68327e
5780.7217,ce5f041
5048.5703,6adc7a7
4467.7314,e30bb15
4516.1865,3466e9f
5372.5723,bad293a
6096.8613,71b9856
5991.367,d6c916e
5238.838,e0287f3
4596.547,bc3bce0
4553.4453,1f68ef8
5543.8115,aa17479
6268.101,415d55b
6162.6074,8411112
5370.0596,1bf2a60
4684.7544,5dce097
4814.49,1d924eb
5820.456,a9f7d77
6544.7456,d35d6f4
6439.2515,9cbfe8d
5636.4116,6e89cb0
4914.554,a81f57c
5082.9355,c2d2e1b
6110.449,ef7f9b9
6834.739,fd7779b
6729.244,e48537a
5923.4014,9ac0ec2
5098.949,0d7cd87
5552.524,6ca3b22
6594.1914,c7ffec0
7318.482,a4b294e
7212.9873,7802459
6423.6123,21508a7
5540.7383,bebcae5
5794.7,0bbec64
6751.69,cd090cf
7475.9795,e33c85b
7370.4854,6feca4c
6599.801,d85eabb
5738.26,b0b1559
5911.866,414113e
6879.588,bc2f0c4
7603.878,28a677e
7498.384,58066fb
6709.8154,ba54581
5826.1064,77f2c91
5629.058,f2bcc4f
6852.2866,200416c
7728.133,70fbeb3
7613.0176,f3f7b65
6637.3906,11147bb
5730.1562,4647362
5560.591,0edff16
6783.8193,f540a9b
7659.665,5faf9f9
7544.551,a9f417e
6568.922,39b1d92
5661.6885,2f47172
5640.663,c052231
6863.8906,22d2244
7739.7383,a683f1b
7624.623,40b2d0b
6648.995,1737c8a
5741.7607,06a4fe0
5154.229,a06f578
6377.457,295eb15
7254.501,d2f93ed
7147.2656,467bf48
6207.049,50446bc
5332.963,9dc99dc
3771.7012,5afedcc
3926.2708,ee7f474
3837.544,9637c1b
3589.0647,b162675
3470.4878,4a848fc
3309.208,9e4b39d
3795.8655,65b9413
3989.6013,5531964
3842.4016,07576e7
3643.8582,8e118a3
3486.0398,470dcb4
3313.0486,37de50a
3687.9702,0709359
3751.7869,e1a991b
3739.437,7c00e67
3517.1985,20db61d
3363.0881,f183eec
3213.7932,8ee05b6
3381.1848,b4186b6
3414.1802,2c45061
3479.9993,4f1c079
3369.8713,a336215
3097.6526,14fbc41
2870.9392,e996627
3562.8914,618581e
3797.9675,12d2e38
3718.7195,ef087f3
3258.8083,ccf0775
3337.8215,f516fe6
3053.6072,0906367
3503.2976,fb01a58
3740.518,4be5cd6
3714.5876,78210a2
3314.8604,0de1845
3330.1677,c82edfb
3074.778,127e631
3152.2493,5f652e0
3345.6877,aee2888
3349.2253,d5a393a
3086.5334,e86f81c
2912.8057,73dc2ed
2710.953,628e0ce
2972.472,73f68bf
3461.922,99773b9
3358.4878,361b83b
3148.0408,272f379
2903.198,49f241c
2750.6965,9da5034
2996.4016,9586e07
3211.2659,679d779
3361.8757,bca884a
3192.4119,a280661
3057.6858,87ac909
2916.9612,37bde4e
3121.3767,e3f655c
3399.0217,c2251c7
3671.763,9c99633
3525.152,8ea49fd
3166.2283,b7e8a0b
3075.7063,910cf34
3281.2808,542924b
3483.6472,4e65fbd
3714.154,20cd4f5
3639.0862,de22094
3379.1848,959c853
3285.8242,062174f
2907.6604,75a6495
3152.3958,d8bfb5b
3441.5789,acccbc4
3305.827,eef214d
2954.597,d0684e3
2889.9597,44e91e6
3023.1145,dfa6d2e
3352.4282,742d809
3631.3542,49e8d7e
3498.5735,d012cfd
3090.1008,bf8e1de
3022.6433,440bd14
3106.3943,9bc93c4
3473.388,1bd7916
3822.5747,defbec9
3702.8552,b2461df
3256.2139,698532f
3165.778,8ccd3d8
3242.8313,6e11f51
3709.1116,c0d1b13
4191.1597,65e2d57
4103.616,fded80c
3533.0408,b077c1b
3375.922,834489a
3306.7034,eebb7a0
3790.0837,1c55a6a
4276.565,24b318a
4186.1694,7fab060
3622.5588,e1e9beb
3463.3552,debca28
3387.467,fac9be9
4057.039,aa93558
4707.516,67a44ea
4617.152,625b82e
3892.239,b5870d4
3539.4783,e5ee95a
3721.217,6773fef
4401.096,b9596b2
5072.9253,3fd8d0d
4974.0483,cf96c39
4241.9365,851a0ce
3842.1438,fe21066
3973.854,a3da866
4798.24,df75cfc
5480.6025,857bdd5
5375.1094,222ad9b
4603.7324,5753011
4152.0747,fca0d93
4157.0205,606cfe8
5056.4805,dbc6845
5780.7705,23328dd
5675.2764,7486993
4887.946,2cfbd4e
4318.331,f2d9e9f
4559.367,4a7dd89
5474.382,17d542f
6195.7856,9a55d63
6093.132,cefe076
5313.577,741c60c
4722.578,7feb003
4654.2046,2b2139a
5680.1445,80ffcdf
6394.693,bb9b6c9
6289.199,84941c1
5462.2607,bf32688
4812.017,dfcc35c
4936.717,75e2bd5
5994.07,e219c44
6717.982,621ff5f
6612.488,2d2f8e0
5794.333,e9475dc
5080.2236,74e3516
5356.1875,3a89ab6
6424.464,a6a3034
7148.754,75734b3
7043.26,9601cff
6233.129,db09169
5396.828,a5f7c02
5748.252,12c392e
6830.3467,efd3827
7554.6357,aea1193
7449.142,ddda536
6624.6543,b3c2a27
5767.449,948a603
5575.035,80b61a0
6552.368,cd05a78
7238.1113,301b1fb
7144.247,33a4a2c
6364.327,13b5dfb
5547.3696,272e389
5951.4297,ec92344
7174.657,03dc5de
8050.504,47099ff
7935.389,78c3bb4
6959.7607,3ee488a
6057.7266,f7a2510
5473.667,ad4a913
6696.8945,58ffaa9
7572.741,b0a0a62
7457.6265,b09f9e8
6481.998,e8c7643
5592.6465,5c363dc
5459.3994,624adb5
6682.627,9672e06
7558.4746,6fb21b6
7443.3594,4bc436d
6467.731,19cba42
5560.497,3bfb270
4785.4395,6c5bf0c
6008.668,8c72255
6903.392,f7b472e
6798.8394,c79db2e
5846.043,8fa7172
4978.718,521666a
3647.03,3a9ee7a
3811.1282,70d851f
3660.3635,16d0436
3483.849,856b0a7
3328.939,ad6fc0f
3147.5833,eb335ec
3675.3093,e75d7e0
3895.9163,2a0117f
3782.71,b069dd7
3596.8162,770585c
3398.95,b9ee90b
3189.8801,0c53e62
3407.952,fcebe16
3592.5867,a9bb28c
3477.881,f2f0582
3304.757,f49cf1f
3170.3418,19c9f72
2984.5862,d902a18
2676.0117,fe70708
2885.219,35fec1f
2984.6428,3402325
2978.5593,ecf159a
2839.366,bdf4c17
2757.092,1b40ffc
2905.7485,2d4680e
3139.6663,680f110
3143.0066,47c9e10
3058.7756,1cb1057
2934.7375,688aa9f
2831.2395,241bd94
3044.3728,90499f8
3151.7305,fd621b1
3216.8328,216b37c
3058.9744,c476558
2989.3567,4adb7f2
2965.0037,ff16194
2628.576,03a30f9
2751.7097,b39edbb
2857.922,afbb669
2732.4932,6a2ba8c
2642.7485,e4690a2
2540.416,4b42c2b
2868.441,c3bc796
3069.0144,41f14fc
3190.864,0247980
3070.3987,6cb3355
2889.5217,138860b
2731.9207,5dd458b
3026.1313,91e6731
3201.4053,473a01f
3223.8364,a19b0bf
3225.112,9570944
3017.7834,01b446f
2931.3486,ea27203
3038.136,1440d63
3307.884,8c951db
3545.5994,1c065ce
3497.8215,83508c1
3150.6873,8c7c71f
2990.3171,8d8ef93
3036.8184,c43b9aa
3367.0955,6ca3e9f
3719.1067,ae4da31
3624.0151,5dc5a5c
3159.7664,8201067
2973.739,06719f9
2726.2307,866cc4e
3080.7869,71723a8
3364.848,6728ebe
3273.1191,26ae24a
2830.424,358434c
2674.0703,0d7d43e
2802.7112,6650e31
3227.9773,38369a3
3760.1565,f14b7c3
3669.1687,29c2779
3037.946,6d90690
2860.726,fbcb252
3018.007,b604cd9
3475.1223,cfa5d0b
4119.916,08bb4a8
4014.4229,434978a
3332.7097,2457632
3135.9612,3d24df3
3313.6787,537a205
3984.0212,06bef41
4694.46,ec31e08
4588.9663,e477385
3952.788,a211082
3609.0818,20a3bb5
3506.6362,e9a68f5
4276.72,67dc437
5001.0103,b80f3a9
4895.516,338ce05
4127.585,de0dd50
3685.6536,a407ba0
3705.7888,6a5e8d6
4505.326,2fa4024
5229.616,6fca4bf
5124.1216,8911d69
4353.807,4a49fe9
3885.1926,a774909
3970.9856,6ea426e
4829.4473,964835d
5553.63,e8aee76
5448.1357,7c6bf90
4664.291,75cac7e
4161.1094,d6e9ed8
4121.7393,36cb07e
5043.1206,10007be
5741.087,14234f3
5638.864,5b988df
4832.55,e6a25bd
4268.415,07fa7c5
4351.8457,8b89db5
5303.6997,8b8e83a
6000.99,9e0fd29
5896.951,4eb05a6
5092.5723,4e96857
4506.64,1a64dca
4617.575,4450343
5645.2695,ff2c6d7
6369.328,0ad9199
6260.448,48bee0f
5424.079,dd805d9
4770.752,6ca545c
4839.8013,d10de5c
5886.965,6aa9ff2
6600.5244,d2b8e37
6500.9463,5494b23
5680.082,3b806e0
4955.5264,f38cbda
5095.74,4c77822
6185.2305,98c8a4a
6897.4014,c92e4c7
6797.824,11de1eb
5974.1035,af62d3d
5210.7695,5d148c8
5349.9824,83c3e24
6424.587,7e87eae
7148.877,2d41f19
7043.383,9dc7eae
6237.958,a9c4c79
5376.2305,b86edbb
5665.4717,416fe6e
6728.909,ce54e69
7453.1987,dac84d6
7347.705,deb8941
6528.8906,b388b67
5680.6255,0c8c413
5733.6943,7879d54
6778.1333,4f23a60
7502.423,91be7f5
7396.928,d169aae
6587.9775,c92ce04
5694.743,916c4f5
6147.1924,03020ab
7250.7334,5423df8
8065.3574,47103a0
7916.2197,d3847bd
7007.7124,cd8c230
6195.3037,a3e7aee
5542.342,4161ae4
6765.57,e1c85ef
7641.417,b2b3e13
7526.302,ca4fa1b
6550.6733,dc493c9
5643.4395,d771f8e
5529.9297,57ad1a5
6717.673,df0b630
7562.4395,72d077a
7434.2793,69da97b
6518.6797,834d818
5615.568,183636d
5155.9316,66401bb
6379.159,3b0b2c9
7255.007,4b0625b
7139.8916,74b376d
6179.923,1ec06d7
5295.9253,ff4566d
3802.0095,34c57af
3927.7393,aeb8024
3774.8005,cceb8e4
3600.4058,9bb6846
3486.6755,ee948df
3333.3064,91f95e7
3719.3708,b5b29ad
3845.0913,5625bcb
3710.0422,62988bb
3447.804,813051c
3395.9834,76f7e0d
3246.0874,c0ea16b
3727.3948,c9ea4e5
3839.194,e91143c
3617.27,87fb07a
3423.159,aaa60ce
3315.5774,ec61efc
3172.7705,aaaf4c3
3388.8542,03fd785
3624.1675,6b1ab87
3413.705,7bfc719
3328.9211,6799ee8
3252.5845,79a9988
3036.4294,1017220
3352.9294,3e31fad
3715.4675,c11bc9e
3488.5334,a46366a
3173.2766,0127d90
3053.6968,3b5b743
2904.1316,77983cf
3339.5261,b50105f
3563.5,42c3caa
3506.928,f6d757c
3258.8884,ce0011d
3097.1406,edb2aa3
3109.0208,8bf2d1b
3293.718,d0d16b1
3494.743,37ae517
3477.4705,4f2f1c9
3228.0046,d99db46
3071.029,f03b806
2942.8342,79c7bbb
3202.5828,ddf2e8c
3422.4373,d17ac85
3426.5078,f076fd4
3358.6882,8d0c8a1
3055.844,2f24b5b
2807.3225,43cb99f
3128.183,479039d
3287.3225,247719a
3379.7844,ce27618
3301.828,1145a3b
3112.6086,f563eeb
2879.0823,b5bcfee
3223.3938,6f58d60
3492.0266,fc7b941
3654.071,2c11f04
3490.028,16540be
3204.742,2eb69ee
3119.35,6ca84c1
2550.592,e811981
3035.6272,e51f1ca
3359.2795,547aa94
3223.5935,969b667
2724.6284,bef62cd
2723.6711,f5d00f9
2524.8928,c2eda75
2922.6863,107cd95
3135.4167,ccdb99a
2992.5264,fad405e
2544.7566,7a4a4ab
2329.407,531c1f5
3551.6682,649ba4b
3817.392,74421d2
4105.9,ff7c44e
4005.8042,2183dc5
3583.5295,036fdb2
3303.2737,ae5aa62
3488.0334,f425a9b
3844.3591,5fca2be
4213.1636,9666cd7
4138.0723,96257fd
3622.134,e03dcf3
3305.705,df5cfa4
3174.1506,adc5238
3744.9175,b76c3bd
4337.9355,34e02ac
4240.986,f38ea16
3562.8635,43c2af5
3228.8894,30ea3db
3136.655,27392b0
3899.305,75474ee
4520.712,ce6445d
4415.218,e7453e6
3688.807,76b0aa7
3257.6936,a848b4d
3339.6853,e7379a9
4109.7554,7d85432
4746.7197,90d48f1
4644.397,c89fe05
3913.1418,c3db666
3491.3804,393b6fc
3797.84,2156bf0
4595.425,9ce3d41
5214.215,b0f3b13
5115.8125,38e6aa1
4355.651,fbbbddb
3878.6926,20e4f27
3942.0432,0816443
4811.8423,3a51c21
5480.062,a351a46
5374.5684,0321bed
4591.4863,69ce762
4006.0315,ced8381
4176.527,f271d47
5098.8906,7550fcd
5807.737,293e0cc
5702.2427,51af23e
4896.667,a2ccd95
4287.8057,85b6cc2
4672.126,b2a9d32
5620.599,dab88e2
6344.8887,cd2be28
6239.3945,4f10cce
5409.9795,2216ff8
4677.039,4e66ff7
5066.466,3aa8fd4
6038.877,6e10975
6713.183,745c401
6621.1255,feba3f4
5824.0293,515e613
5132.487,a5b42ff
4808.5654,fc86e75
5836.3613,785ab50
6560.651,4768be4
6455.1567,2b0498c
5613.489,019fa60
4860.083,ec4240f
5575.5444,029046d
6649.869,bfa7bf8
7374.159,9b31cce
7268.665,9bc3e34
6425.1006,157861d
5518.6396,dc18096
5611.168,1d910d9
6625.805,e736719
7350.0947,3b0b2dc
7244.601,b40039b
6416.702,192e98f
5511.117,36f1e84
5509.1523,f75fd47
6500.0596,9b16a5e
7224.3496,775013e
7118.8545,2af955b
6287.019,ae93ff3
5377.199,55abcae
5285.422,22532a6
6508.6494,bddc565
7384.497,f8e40d5
7269.382,d70fb68
6293.754,56a3f0f
5386.5195,f5f4b61
5605.082,f76c867
6806.741,1f5f5e7
7619.6973,abd6228
7506.51,3c2816c
6607.8145,65662f2
5681.9785,946b71d
5480.4785,0739b95
6685.49,ed82ff6
7561.9756,890631a
7441.538,14e2412
6505.5366,e3dcaed
5553.8867,5097d66
5016.027,0e29e53
6276.0693,7785271
7110.638,017b030
7064.6562,a823270
6123.3867,92c5268
5238.6094,e41e687
3954.8909,2f5ff2e
4094.7405,29189e2
3999.0017,8253d96
3653.5872,1c172f0
3458.5928,05814cb
3288.076,ca9e019
3704.9963,bfcca4d
3801.7314,5ad6465
3703.3237,8d47ec9
3499.1167,031aff7
3343.783,71ff84b
3144.864,67390d7
3471.0105,b315dbd
3888.6218,b36b0b1
3869.78,db809ec
3514.263,0d15e39
3445.8618,4a31d80
3231.6062,9bd5fc9
3231.211,59f03d0
3495.3699,eab5ed1
3550.1418,9c83cad
3390.8997,35f956e
3201.5278,d4b8599
3113.0195,7286c67
3409.985,e772153
3606.4895,11fee3a
3255.2317,c0fe002
3042.921,e5009c9
2850.6924,44783a9
2719.716,e74d80e
3273.4294,6f80383
3452.5867,85499f3
3457.9453,b95620d
3352.8323,bb87936
3135.4053,478f673
2746.639,5097397
3326.3618,237d39f
3401.5764,47c8fbc
3307.3457,ffe7ea2
3256.8174,bee0ccf
3013.2283,23626aa
2921.1458,7a80196
3390.1738,1bbf1d7
3540.4844,34e9253
3601.386,8809f0d
3218.9692,d1d8f47
2937.128,37360ef
3072.0183,d3c934f
3306.4832,d18eb7a
3524.1938,495f290
3417.8257,0372358
3354.402,e86de6b
3120.9363,f993477
2995.5266,cb4c341
3322.6113,5e1c80a
3347.763,30cff4c
3550.4846,098a6ec
3492.6736,c83b31a
3206.2942,06d02be
3103.0293,4e745a2
3215.7432,8aeadb6
3286.5955,55a065c
3640.2314,30fa150
3371.4353,f212779
3280.1985,eab6130
3162.5896,1a25ed0
2825.734,34874ed
3057.7273,cb77700
3296.1548,c7e6c77
3184.3508,605c936
2902.3167,caebaad
2901.5857,182755c
3384.071,44a8efa
3582.2585,6bfa3cf
3841.4597,65eb188
3792.7024,a440477
3581.3674,de26187
3531.3938,4b89da8
3338.0623,b2a148b
3622.4514,96677e8
4090.2,cb22e7f
4003.527,422adfc
3539.3123,306f423
3429.5854,a3dfa1c
3340.6653,74599ef
3705.864,e2a2b64
4336.3667,6af2695
4256.6494,92b7e12
3670.1511,f0a7a81
3508.6284,9cbe0ef
3417.3518,6cf8512
4153.2266,0cf2ec3
4811.4014,86bf092
4785.839,8e85807
3997.6985,170c227
3757.3914,4d3d1d2
3795.8328,72a9c9b
4354.699,ec22e3b
4954.124,65efbb6
4887.0723,fa1a358
4251.0166,a6e0c6f
3961.6287,6288179
3700.335,7899ec6
4590.554,25e0f57
5253.993,9e8d230
5158.9106,237dd88
4392.5786,3d16082
3964.7551,31a4065
3991.0625,6f90b5f
4926.894,78a564d
5637.5547,d9f03ca
5519.861,3ca8306
4710.3633,ab0492f
4186.5234,8582d60
4283.635,296a276
5280.577,90f8e8d
5995.8184,66c272c
5896.241,dc865b0
5077.998,f1d18a1
4472.975,fd6948b
4506.583,f877a47
5547.4346,aaa8b8f
6269.797,8e8e32a
6169.9067,b3e9f0b
5352.9814,0008dd1
4689.676,eb2b74e
4793.3433,b0a34f3
5848.6343,d201ee2
6572.924,0768cbb
6480.21,e94d706
5666.9854,19349e4
4939.53,c0aaef5
5468.328,f52fc37
6472.0664,df7e31f
7152.204,1e1fd7a
7058.34,20f46ec
6287.1196,56f34cf
5595.235,1b93c47
5282.654,542925e
6371.342,b047292
7093.3926,2ce9a80
6972.9897,e2b9806
6161.3306,68c9c0a
5319.6436,83d7a48
5550.332,f290832
6601.8516,5a5b225
7326.1406,ef85686
7220.6475,b251df3
6413.1855,f7b02d1
5585.183,2fe36e6
5604.751,45cb700
6681.3013,ba9b2e5
7360.229,dd4e2f9
7261.7134,67d7e5a
6450.329,ed660e7
5592.5557,d39d51a
5243.711,7e38a01
6466.9385,324cf48
7342.786,704b302
7227.671,8eeb5d4
6252.043,764c88d
5344.914,a71dfc1
5152.7764,13bc55e
6370.444,f29e6e7
7241.394,198edb2
7126.2783,1fd01c2
6183.333,1f83178
5311.452,5b7e914
5485.498,613131c
6708.726,df67be6
7584.573,14882df
7469.4585,da5be19
6493.83,2d94021
5586.596,8714782
4927.4365,e5fc540
6150.6646,5e8c9ab
7030.329,e4eeb72
6945.242,83c81ee
6025.916,21c09e9
5158.591,5cf6bff
3981.2327,8fa09f6
4106.4985,e7e1d32
3997.8494,f2d41f6
3778.409,5c5124e
3770.214,172c635
3606.033,4713551
4044.4185,80f2ef6
4189.1123,887b6df
4098.4883,2b58ceb
3916.9363,cb8fd99
3865.6746,c222791
3685.4934,96b1d76
3918.9524,d99bd39
4052.1318,359cb67
3986.0076,42d4fbf
3769.8298,950f1e4
3721.6458,220f5fa
3537.169,991860f
4009.9329,f1c79e5
4146.254,73431b2
4073.938,51f5f1c
3898.4622,247d6c3
3852.699,0946f99
3682.2024,8ac6972
3661.7566,d977b14
3837.8274,de404d7
3815.8796,9c63f43
3620.5642,e3fc0c8
3547.6418,499eb2b
3380.4082,47a3c99
3635.4377,19b95d5
3819.691,0800ace
3848.356,3b75634
3637.918,f74dada
3555.2466,bda6696
3389.3196,c04499e
3681.1873,a4c72ed
3835.6921,f94e0cd
3906.127,ad070ee
3715.542,27bca84
3644.1619,4df9db4
3453.8767,70f6960
3406.592,e42bd08
3589.4683,03ecfc3
3679.3127,af66fac
3454.2793,c8f6c76
3343.408,aab8f88
3154.4592,e67d7cb
3465.4417,ac7bf9a
3685.044,55a8996
3782.378,6ec0b9d
3601.9617,fe8978e
3486.7798,58a9872
3320.217,762e5a4
3426.1172,9e554f6
3686.8064,a3f13f5
4025.5178,c19005a
3834.531,80d7870
3580.1033,3fc5fe6
3362.7385,916ce4a
3458.386,fa563dd
3769.598,db77c8f
4148.8506,313676b
3950.238,bfa6ce9
3693.7449,f75286e
3483.262,c97c71e
3260.6726,e7eb8ea
3669.054,1765a29
4101.1763,a4451b0
3960.2783,c5a3e25
3588.9277,efa3fd7
3441.422,51f3fed
3145.856,61ffcf5
3731.177,e7d10ff
4224.3228,09d5400
4121.46,82d63a7
3578.4875,830fc0c
3410.807,27d6d7f
3272.0803,2534749
3851.6572,dd99301
4504.9966,954d5b4
4397.503,a383acf
3694.4907,2cc0ced
3484.302,b269e71
3430.4236,3e0df80
4027.58,0e4574a
4702.8066,b5a46a5
4588.514,551d420
3859.9734,97e8917
3598.2483,e126a15
3498.8206,186a4dd
4200.7227,1b6a64e
4859.4644,577f17a
4745.014,8ac4bef
4089.694,20d1a5b
3682.8674,0041342
3653.026,ff09856
4500.568,eb23e17
5206.3203,e2bdda1
5087.1924,638a802
4300.8433,1d2a590
3931.6477,c6ae925
3906.1648,c51bffd
4723.0547,43f4195
5414.884,f474fbb
5321.0195,487692b
4649.6265,185214e
4090.103,f583594
5067.423,e1e16f2
5901.161,129ad68
6650.9834,60abb0b
6572.0493,ccb1fde
5948.2793,9bf6cc0
5349.982,79bd9d2
6135.997,226d753
6994.9756,e0874b3
7715.779,65a8a89
7670.0537,0de7813
7083.806,4aaca3d
6409.4053,b779a65
4970.67,4b86b44
5624.407,a3e7485
6226.907,3621cc9
6150.288,ce8103a
5698.5244,14490cd
5064.257,d5a4b54
5092.037,6221749
5704.5654,6aaf1d2
6213.0586,d3c108b
6158.5674,1d8d65e
5699.5557,8e5f980
5212.164,6d8f9d9
5251.8955,be50185
6162.2354,d75dd10
6886.525,97e3920
6781.0312,bff75d5
6004.8257,9de8ea0
5216.927,8e30443
5871.7207,531a0bb
6949.567,265c542
7673.8555,20600ee
7568.362,aa1720b
6750.8716,5e4889e
5771.6353,f7f9003
5760.0244,fec1cad
6844.706,8b71c91
7566.756,0f12f25
7467.1777,3a0d17a
6634.0786,5ad97c5
5703.328,dd2f262
5611.9316,e70f942
6649.986,43600d0
7374.2754,1b389db
7268.7812,4d469a4
6442.425,4e25307
5518.8022,cb5c62b
5177.5225,cafc08a
6400.75,1d0dedf
7276.597,4ebdac9
7161.482,62ca485
6189.3926,de37fb8
5288.919,084718f
5839.4883,2aae207
7062.717,795002b
7938.564,27ab5e1
7823.448,e6b1afd
6847.8203,b2dbd5b
5940.586,5a3c7dc
5507.7354,8b60a8a
6730.963,a52fb08
7606.8105,afe3898
7491.696,3be5f70
6516.0674,db56580
5641.955,70d871e
5125.592,5548e81
6348.8193,ed47096
7224.667,33b2f52
7130.784,5261c8d
6201.9854,5b28a3c
5337.785,1e5d376
3954.8909,dba60d7
4094.7405,6bdeb92
3999.0017,7461065
3653.5872,a655ce7
3458.5928,c5b7d20
3288.076,521345c
3704.9963,e645513
3801.7314,e88fdc1
3703.3237,42979f3
3499.1167,9bf84dc
3343.783,1ee5a8b
3144.864,682025d
3471.0105,c540d34
3888.6218,b08f668
3869.78,7a7124a
3514.263,143a40d
3445.8618,5cc10e8
3231.6062,5ecf071
3231.211,8fac0ce
3495.3699,1b70684
3550.1418,3630923
3390.8997,2124a65
3201.5278,d2f094c
3113.0195,b4c0e49
3409.985,e5e3c66
3606.4895,4f2c137
3255.2317,03bc49b
3042.921,d01798c
2850.6924,87fa1de
2719.716,1050e5e
3383.8323,7029881
3660.071,a00056d
3597.8274,7faec36
3416.7668,286f7a0
3169.1584,5949fc4
2969.8445,3bfd122
3401.804,86a1b46
3658.051,c709457
3594.7043,5d7e172
3405.2878,3bcc476
3167.431,c19067d
3016.2458,0d104e6
3540.635,4419d32
3821.1418,bb581e4
3783.008,88cdfc1
3534.6716,8953350
3300.3074,017237b
3130.2273,7ec81cc
3558.5154,0ce4850
3862.7322,e6fbf1e
3842.3445,500bbbd
3621.9336,e310d84
3382.5042,97a2cc1
3208.2458,b2e05ae
3539.4885,ec65057
3855.7327,539b325
3902.574,0876e22
3732.8225,35edd6a
3458.578,94ff0fa
3241.1038,b85b223
3220.5857,554a6f0
3519.844,c10d668
3649.2615,bbbba37
3508.5894,db8ef5b
3194.282,67db9a1
3098.7825,62f5a22
3091.3372,78957c8
3464.4197,fe2a990
3653.9236,bbeadf2
3523.1448,65f177d
3121.6326,064842b
3042.487,bd75540
3045.8123,c524676
3436.182,8ec5d5d
3728.0823,55713fa
3597.5078,31f8a89
3146.5237,c5e029e
3056.7078,b02cd6d
3138.4941,1817637
3552.3794,6502fd7
3934.8508,1e09562
3832.2085,84dafd7
3342.4673,1a19b31
3205.1907,d3c88b4
3247.6765,d16a34a
3721.7063,e703ed6
4184.72,34e7ec8
4094.967,436ed8b
3531.3252,eaf84d8
3318.8792,1ee6ea6
3351.348,c11a893
3923.4155,6942f43
4526.1562,ca30754
4430.758,58f8963
3745.2917,80d2261
3430.9539,ba5acc9
3570.9207,becf567
4308.2217,8fb64d8
5005.8047,ab43675
4900.3105,bccf4bb
4145.3086,e00b6d0
3709.3079,d8ec218
3928.7935,7d7894a
4762.708,db85906
5481.913,676de8e
5376.419,23add73
4583.0635,a0a53bc
4083.4578,0f06601
4213.4375,172cc5d
5144.6743,dea1362
5861.035,11edc2e
5761.4575,e43be33
4955.4004,cb6ca74
4413.609,951c7bb
4518.504,d954b40
5550.251,1829564
6237.0557,3ca7cfa
6117.927,d8860e3
5343.2915,99ba787
4755.1313,ac43ad1
4696.3765,f4e4662
5752.538,30ea358
6468.3247,4921d90
6349.1953,26e4647
5542.1772,d5f11da
4919.167,07decae
5121.7188,a56cc1e
6136.5317,890c871
6818.9883,6e5a283
6719.411,956afe3
5936.65,772d333
5093.2974,83d65a3
5124.2656,fcfd314
6221.3916,73b2e66
6928.859,9fd26b5
6814.8887,0153b76
6016.0693,9f1d052
5279.7666,1fc950c
5399.2275,bb53f53
6517.616,9591e1a
7235.9883,6bb74a2
7116.8604,fb19e7a
6288.7393,5d02348
5495.4014,bbf33b0
5883.6226,31ee3e8
7018.5293,11d8054
7745.9756,7dc85b1
7637.325,12731d5
6819.702,47976c5
5881.335,7f6ac25
6050.038,e85a03b
7210.074,77c6783
7940.0107,a7f6eeb
7832.5474,db2a469
7001.1797,a9199a7
6054.789,38c938a
6379.501,1b6020f
7525.8433,f17f0cb
8250.133,dc5f80a
8145.646,81b052b
7325.007,968e693
6307.0425,f1bc362
6726.76,9496966
7882.506,94b8263
8606.796,0772f41
8501.302,eb98002
7677.3135,4ce9110
6678.6562,d0e0c0e
6988.045,fa54ace
8148.5664,c858aa2
8872.856,b2c884c
8767.362,71ebfb7
7937.3115,c497a52
6953.09,b209fae
6892.065,c5b0d9e
8050.7725,d777e04
8772.823,0b52892
8673.245,a95f71c
7839.692,4e2c4ed
6872.412,d2a5faf
3581.0073,ce64294
3743.6467,582d7be
3577.9136,66bfdfc
3403.902,d42cce4
3181.0261,8b94ea4
3081.0354,83e6125
2623.6282,9e77e81
2699.5781,2bffa54
2594.286,f44ace1
2463.9944,5b72381
2298.05,e4501ce
2228.7224,fd78cca
3036.5393,88c48fe
3220.3025,3169eaf
3096.0037,a8f2e87
2937.3447,0151b15
2751.1653,f9c4aca
2644.8506,e66d2d9
3145.0867,77155c3
3284.5525,b495b97
3185.8284,3898d01
3045.9805,c8d85a5
2934.592,d9a14c0
2825.336,add7246
2743.5027,5bc9d50
2975.9265,18afcc1
3023.0374,2b04694
2869.923,c40d379
2552.0461,af1eb18
2501.2559,f0cdeeb
2866.2065,c0be2ff
3137.0906,0203944
3189.7578,74ef651
2998.3538,f163aaf
2677.3784,90ee83b
2575.3203,4745b57
2705.6526,d89ca60
2967.757,dd43e99
2978.681,75f4e0b
2798.2214,206879d
2392.8486,57414c0
2297.8206,1c168d5
2779.7776,c06d0f1
3032.591,9dbf608
2998.3984,1beaea7
2819.9434,994a753
2457.9275,bae1396
2333.404,a612f86
2854.5874,d786c9d
3093.5378,4435dc6
3045.38,c4134fd
2863.9177,0afc113
2555.4695,e0e2c35
2467.2183,f8a00fe
2890.4585,c39b7ec
3140.2336,9dbe221
3268.4243,79acc2c
3094.1711,c60e16d
2710.76,b582744
2706.0217,9c0a1ba
2775.971,33490fb
3012.3816,b66c689
3212.569,02d8222
3081.2654,fde9796
2755.761,dbb5822
2801.4749,fb0b0cb
2727.5667,a4e75b5
2975.506,f798658
3271.3254,0881143
3186.843,9681d22
2823.2651,eab3dd0
2841.091,1462817
2708.6973,9bd0157
3001.2637,c64d828
3366.2864,280a12a
3272.8723,ab2910a
2878.7517,1f07029
2871.0266,33170c8
2781.5413,5c496fb
3029.7302,a124396
3435.803,68fbbae
3347.7244,d1c8f97
2973.4429,64df10d
2909.6633,ebc9dd0
2972.5818,a127f15
3288.619,b4c42ff
3737.4033,a196c10
3641.0396,fa7e108
3223.7712,eda26a2
3084.0935,4d2ed7f
3074.6682,18bd978
3494.6746,956c3dd
3976.3713,dd33a32
3901.1882,a68b6f9
3477.2249,d5dc9a9
3346.2878,d236596
3191.3076,f13ae3f
3679.2234,025ef63
4273.374,cf9167b
4196.5327,cfd41ed
3642.3494,ddf2230
3358.763,623df11
3748.5432,e05e247
4259.436,492aef8
4910.5547,bad4b57
4840.1777,eb6d742
4330.3276,812d761
3921.0498,5f578c2
7651.5615,1f63ec9
8473.421,cf74d47
9254.552,93eb433
9278.085,803e465
8681.899,52a441c
8131.086,433aa1e
4217.46,b6508e6
4839.941,5986049
5464.8066,35d0672
5408.877,3d8b8ad
4819.311,7d0f563
4308.338,89c43b1
4781.576,cdc1772
5377.7495,8099484
5872.3975,5867cb4
5861.7983,34628cc
5346.4404,a7646e9
4924.6694,e419e98
4487.4497,ad9324d
5317.6343,ed5c157
6020.247,ad0a166
5930.2246,d73c361
5179.9307,863a518
4522.162,a511425
5228.8086,3a835e2
6140.8926,fe57ae6
6801.7803,3a863a4
6752.7417,58f8b32
5986.8115,bdae841
5256.7285,e5cf29e
4833.334,2eedd74
5686.025,40a14f1
6358.5137,d66f9b0
6268.2817,8fce6da
5552.803,71e9e0c
4824.203,cd8dbbd
4965.6255,8bb4b12
5820.7803,0dedc7c
6510.7275,3a3ebd7
6420.705,99ae4fe
5679.8696,cc16f51
4881.1953,f28f614
5682.9336,6e6e267
6539.3125,28c37dc
7218.9956,6f1283b
7116.13,f15fe37
6375.6445,f891b69
5532.3105,71a143e
5227.66,e42c97f
6427.0645,68ad8b2
7293.2905,5681821
7179.4355,8856b76
6258.4106,1ea0be5
5301.146,9422b35
5634.777,71b41cf
6858.005,0027a31
7733.852,c1e60da
7618.7373,e5d8df2
6643.1084,05ba2b8
5747.828,387fe61
5670.2793,2b34be0
6858.7915,76c66d7
7677.001,c59c8ae
7569.063,5840af6
6659.8647,d3b5633
5734.0283,7b71a93
4875.747,be368e5
6098.9746,80da7e5
7023.3096,e39a12c
6917.5967,7955ce6
5943.5283,b7168c9
5054.14,ad7ceaf
3616.736,a9761f8
3816.0835,44b1ed6
3668.1965,8fbe951
3486.516,cd030d6
3295.1003,643f695
3114.9998,37775c3
3666.4934,c0cd216
3841.839,e4a0703
3715.9219,c41b4d5
3500.8464,eee85bf
3296.8982,12c44e5
3153.9265,da45716
3535.466,3824ab5
3736.2024,38158d5
3621.2263,d86cb7e
3340.1648,b31f758
3177.203,6605e6a
3000.7644,0f006aa
3588.654,815142e
3763.7405,f0c7efe
3653.5818,4dde0ba
3442.2253,3a5a44f
3292.4211,3a17545
3106.9978,13c0042
3215.1067,deed16e
3432.3835,f3f6418
3325.3892,659a92a
3081.6726,db51380
2993.402,5d3952c
2870.8406,959e28d
3020.5032,8abda5d
3165.5974,a10b64b
3157.1877,99a0f3b
3126.7722,cf732b3
2991.3193,e65bf71
2846.0117,816a746
3069.8982,5e26ed1
3285.8367,b412ed4
3299.9343,25a7e1d
3166.6924,043d900
2985.0374,30d5319
2936.5818,ef2aba2
2903.1921,fb1b079
3019.5461,f271996
3167.0684,bcc1678
3129.8545,4c0a1eb
2905.9956,b53093d
2817.3787,9f5861a
2953.6404,8482dc3
3215.0051,61f1139
3393.2998,fdb839f
3338.0496,3c7cf13
3045.9792,164f943
2968.3152,d6dda87
3012.819,ed18931
3258.8674,a959cfb
3485.6462,3e13af4
3421.9663,f2f7f57
3053.2107,be50e4b
2962.2002,c2cd381
3128.3586,587b279
3338.923,5d10b23
3704.4553,36a0976
3640.013,9afa301
3258.216,4f23b5a
3177.7756,9630843
3251.4182,53b4f3c
3497.979,5ff85a4
3884.2854,f1be03b
3798.5461,5ad0efd
3397.4963,30cde10
3295.478,5eafbd2
3856.0193,e3850e9
4378.646,9acf252
4864.09,671e710
4744.868,e0f62f5
4214.8555,9e1db0e
3919.3052,665796e
3606.6316,e340320
4151.574,d57045a
4705.2734,f12863a
4602.793,3d0a8c5
3951.1306,e024dfd
3737.866,4f8b5df
3680.1584,ba33ca1
4163.471,6190fa9
4513.837,45ad94d
4437.0728,965b229
3871.1528,3dcaa13
3576.054,c800dc4
3738.7976,0bab4d7
4349.607,ae81c68
4905.2285,81d5438
4805.979,dae93b8
4122.9927,d84912f
3740.4258,342563e
3840.7576,5d4a596
4585.4873,cdf7e70
5229.363,a0c0298
5124.7393,e44519a
4349.873,c92db00
3858.6682,ccbd1f5
3744.008,b51ae7a
4631.3833,4d031d2
5293.4243,432ba82
5186.705,d606a79
4476.6743,936440f
4121.8794,cdaba24
4200.9946,23edde3
5205.494,d0db3ac
5900.73,86baa95
5781.6016,a91b1da
4994.956,83695e9
4560.9253,160c532
4466.083,13dfda9
5517.872,90885db
6235.5225,c7f70e2
6116.3936,9e1a9ad
5286.8467,372e4eb
4787.901,8b5cb92
4763.3203,1ac3689
5849.7363,975c37d
6582.5244,4b932b2
6463.3945,12bfaeb
5620.548,fed204e
5013.567,3a6c631
5348.007,23c631a
6461.4897,f449fb2
7197.549,fd00e58
7078.42,519929d
6209.1455,f12483a
5360.8457,dccd2c8
5283.0283,83f3a33
6410.38,496b4be
7123.622,eaffa63
7004.4937,ce6bb56
6138.2554,bd1ddf3
5386.1855,d076a08
5204.582,86923d2
6291.712,3563cfd
7000.3896,d4d1459
6881.2603,a16081f
6027.1216,91c557c
5267.5894,988cca5
5674.7583,ddb9a66
6780.5195,085af45
7510.7646,0d627fe
7391.6357,39e835d
6534.799,ff61ae0
5725.493,92881e5
5940.914,c313f67
7074.3105,2ca85b2
7796.3613,b5e50f5
7696.784,07ebdb5
6851.0576,5227272
5994.516,138f230
5417.4688,150a178
6640.6978,105bc8e
7516.545,eb74811
7401.429,cd32b05
6425.801,b1de094
5518.5664,65618b4
5566.738,f08396e
6789.9653,536b5ae
7665.8125,e359562
7550.6973,76d14ab
6575.0693,3cda47a
5667.835,d1b2434
5695.7607,714083f
6918.9883,09605e5
7794.836,da6b741
7679.7207,72ed0f4
6704.092,3eeab17
5796.8584,218d647
5276.302,6fd9003
6493.9697,00b5334
7365.0605,5a21c64
7276.3623,3a0fabb
6336.76,5937180
5455.6514,4599011
3954.8909,7afdf00
4094.7405,eb3f9c1
3999.0017,2150934
3653.5872,02ca6a4
3458.5928,4783b06
3288.076,b01397a
3819.32,c3a766b
4043.2312,b1c5a1a
3959.5503,e142032
3653.7878,1ebc4bc
3419.7603,b34dbce
3289.9563,30b4ef6
3779.5876,9221f0a
4048.1565,006fdff
3863.0364,2f1bfce
3579.9521,14656d5
3369.3186,fd5e676
3212.2363,1a33368
3440.715,468f33a
3549.6118,40e5c30
3483.02,f5e0540
3240.7756,0832c93
3124.6406,138d34c
3020.2424,067cb89
3485.8513,74060ee
3654.2268,cee4acc
3600.092,e152280
3329.7458,2342d99
3180.6533,a406cab
3072.6265,933397a
3269.9138,0721207
3559.7815,00f3b7d
3578.1853,3184317
3368.1287,5054cf5
3212.5066,efca5ee
2998.3132,1af0167
3347.8223,a3a927e
3509.2131,b1ef1fa
3471.8127,a665e7c
3215.7847,b536957
3045.4944,898308d
2950.736,51c9e05
3130.8196,46a817a
3365.7483,809b4b0
3257.7793,180baf6
3154.8616,8f6411e
2985.347,52abd5f
2846.7593,cd042f3
3137.5642,83c0d70
3356.1233,cec6eda
3405.881,01cb23b
3225.16,4af5705
3087.0657,1cf2a4a
2956.487,52fa646
3301.5715,3c154eb
3550.0066,06d0c07
3850.677,b32007c
3564.9973,3fe0066
3306.8694,051900b
3210.6992,b37953b
9256.056,48b8d49
9444.237,41c3c9b
9648.975,9b22402
9677.444,fed3232
9497.569,0b26eb5
9359.61,63cde8d
4953.8335,72a68a7
5156.6523,cb764df
5403.387,107cab1
5409.551,7ca31d0
5171.432,bf943c2
5025.3506,9302e1c
3763.867,7fdfe20
3942.1917,71b3c6d
4157.606,8624b29
4135.616,cfa7608
3906.2822,358c329
3803.2913,7525238
3820.3796,6c90fe1
4022.3381,6f7c148
4269.1016,ff952c7
4239.025,9c2f780
3997.8284,0e0f477
3876.3557,d2aef69
4237.7715,99ac0d0
4455.4023,d6efc0b
4716.951,595c98f
4688.4883,1e921b9
4466.7705,d04fb95
4372.825,897d6f2
4163.5244,a04bc99
4442.9014,e510844
4730.076,af2ba73
4712.037,2cadd73
4389.0376,96d5327
4250.708,cd5221e
3502.2952,7ef13e8
3821.9836,487413e
4159.3276,f2e6a8a
4067.3303,5908887
3703.7385,6e182bd
3633.0674,7033543
3834.849,2d7f6ac
4194.2935,cf2f712
4534.323,bfce2ae
4430.794,0c7b17d
4054.0764,57c74b8
3921.1252,fbfa379
4069.8135,f8dec68
4568.1543,e614196
4999.5605,7250f8d
4902.88,ebe7648
4411.6973,b824370
4175.1675,26c8cc4
4289.955,3c6aad6
4839.153,806933f
5298.664,e1906b9
5239.931,87131cd
4695.632,8deeaec
4373.285,ea13772
4087.1384,d3e71e8
4775.6084,8f73269
5448.792,f98882c
5379.8633,046bbd8
4656.3755,753f496
4310.117,c3266ba
4684.673,37264c8
5515.165,38fbf33
6230.3867,2aa5357
6133.915,a9b291b
5376.6436,7654a52
4782.6514,12a23bb
5149.0664,3f2a30d
6038.4854,c5b5d4e
6753.257,8e3c680
6657.2354,13f66aa
5902.9463,6504f65
5223.0938,6441f4b
4945.247,b5a494e
5862.6997,fabe707
6600.17,a4510fc
6498.5176,48d3215
5735.427,a7e922f
4895.145,695519d
5240.7383,2c3903c
6138.632,87ec167
6864.401,ca4aefc
6762.748,ab09c5c
6017.915,d910e43
5239.6865,475b597
5606.249,ba2427e
6481.504,bffab15
7133.6787,cacd72d
7045.8193,e3d86c5
6317.8,d37c6e8
5562.248,eb448f1
5523.6646,98b33be
6746.892,6211e2d
7622.7397,7e3c167
7507.6245,7e40129
6531.996,7cb1987
5624.7617,0bb1ffa
5848.876,67ae122
7044.928,37db095
7891.327,c60d43c
7777.4727,200efd5
6857.301,07db104
5930.447,0356db1
5574.8145,e556b32
6798.042,2379724
7673.8896,a81ee15
7558.7744,c3854ab
6583.1465,e69633d
5675.912,a6cf4b9
5382.1895,2e9ad9a
6605.418,ccbd04f
7494.891,32ea979
7385.024,8d0d53f
6390.5225,e3b0ea9
5513.7725,7ee0b6f
3708.7515,3e1d057
3866.7246,5225417
3746.6218,a8c6329
3580.4468,197cac3
3373.8347,781454e
3207.4412,e16cc84
3696.0203,cfb1483
3825.3708,ab33597
3711.113,5e2f603
3484.6838,2b494d4
3321.788,e7abd99
3185.2356,9ce3c63
3845.987,fea6060
4024.9067,d0259a6
3847.009,5bff71d
3467.8474,7f8121f
3359.3557,cafc543
3202.4658,8c24e16
3517.216,65357c6
3689.3037,7ed4bc9
3601.9778,cee9345
3448.491,767b9ee
3317.2761,ab5c711
3179.0447,d756fca
3481.3958,edce645
3665.472,40b1d8f
3612.994,22fbc93
3297.9226,4c87b1e
3199.6113,9880356
3081.6765,9952531
3571.2234,b547335
3725.8877,5af020c
3670.4646,a6f78c2
3417.832,8aee864
3291.5134,3008e6a
3171.4885,7cf5d84
3372.757,0e61ef1
3555.5076,7687d48
3510.759,746f30e
3239.8435,566ac55
3098.3772,f5b1ccb
3004.2927,d122333
3377.1372,6cc653d
3592.0388,054b6fc
3585.2102,bf0c740
3155.0083,ebfc26c
2932.9177,557aa5a
2893.3503,15f22f4
3092.683,5e3d162
3297.0178,66c2364
3339.5027,aa966b1
3150.433,c8114e0
3105.6604,95eee33
2968.877,61271b0
3278.1511,6dd3e73
3607.363,da5eca2
3622.771,b248283
3478.057,ce7acc3
3249.589,df6ab57
3083.0322,6c86841
2841.656,924b62a
3003.8533,ab102e5
3178.3716,48512a6
3088.3293,7c1ae3a
2874.1091,a351171
2874.0693,bc9a908
2418.7742,0b75969
2664.075,df93bf8
2958.1838,534bfbc
2895.09,fe1d028
2595.5908,0a0f9ab
2640.71,ad302e5
2437.046,4adfd68
2753.641,fc232f4
3086.161,f14cacc
2986.6628,aa4729a
2620.1228,4ef84d6
2561.948,6bca0dd
2741.7488,0f99acc
2967.9053,f366b32
3258.9216,7b8d9b9
3195.1067,641705e
2931.1323,e07b9cc
2839.1272,53445c5
3183.4011,3f2f747
3645.9104,d6c45e3
4201.7754,a9c03dd
4125.8354,99db402
3683.4395,465d632
3366.2947,db5314f
3029.2842,b75d36e
3453.8245,4b54e04
4006.4392,ff4333c
3927.1575,bdfcd1a
3416.2512,3f2578a
3071.7578,c104923
3167.7595,8c70f8b
3700.331,d2a2223
4338.1284,35c54aa
4232.414,8110af6
3670.4536,12f7f0d
3214.2349,e395bdd
3595.2283,744a9f5
4132.91,0034337
4780.3936,d9e2705
4684.3237,ca652fa
4097.211,d8deeca
3652.5881,d03e977
3690.4795,4e66e29
4354.309,d88e6c5
4998.9507,3873b12
4894.0093,013e0b7
4257.167,b0ceeb0
3735.2795,8055a9c
4122.2075,ab06add
4869.4893,650fcfc
5574.001,f34ca57
5468.5073,5ec7730
4765.024,ef55776
4154.276,5578afc
4214.2144,43757c4
5049.1035,9ecaf08
5760.8506,3e96739
5655.3564,3e55d94
4932.0815,cb375a7
4249.243,5a53857
4696.246,0b850ea
5544.307,6c8a146
6231.9014,97ec6cd
6138.0376,ac5cd97
5418.554,a0cc014
4731.5083,a59b9d6
4785.9355,d292d87
5688.37,083ce78
6412.659,195d300
6307.166,17f223c
5544.153,43c2069
4744.2446,e758f6d
5419.893,e7495f8
6316.8535,aa48a6e
7046.0938,443e37a
6940.581,eae2e25
6234.794,261a6b9
5360.391,1c280bc
6398.213,bb3d56b
7359.2173,ffe719d
8040.9136,b40a985
7935.42,76b89a6
7165.0913,1cb98d6
6239.755,0a7b6d2
5799.5674,9c378a2
6581.186,b7db5b3
7245.622,ae4610e
7140.128,b530f14
6475.658,1e82ca3
5638.7573,b4c2a10
5729.3457,eb2722f
6931.005,e996058
7743.96,9b08f42
7630.7725,868f220
6732.077,262f727
5806.2407,347ab66
5971.3984,d42228c
7188.006,531a878
8063.854,e92c2ec
7948.7383,3677c89
6973.11,4d2d1c1
6065.876,2a30b97
5780.624,443b97c
7003.852,fdadfa8
7879.699,11df4a9
7764.583,f8a9290
6788.956,046ea17
5881.7217,8ab70f5
4816.4834,b0fe8f6
6046.9365,b53ad2e
6966.893,1bfa9e4
6865.814,d4d9fad
5890.4507,7aeb5a8
4962.7715,5322a7a
3564.453,8274a5f
3795.4795,80949bd
3646.4485,f167542
3422.3372,9800c07
3185.176,1b08a44
3109.4075,900cb9e
4529.7676,b8e88c0
4669.512,df64253
4870.17,88a0903
4819.965,34992f0
4550.23,33d5b51
4512.22,7300467
3799.4592,2ae8ba9
3860.092,faced49
3895.4902,4f8e78a
3811.3508,cb3da0a
3640.5647,10d4ebf
3610.4768,76bbe08
3275.9788,e22f746
3498.1658,1d7caab
3399.0908,3904323
3293.1814,e9e57c2
2954.1365,1f49d7c
2979.2073,83297f5
3420.4521,8b29fac
3520.2478,eb7cc26
3599.5793,21c0c9a
3149.2107,859bdd9
3001.2034,80254a1
3046.2817,390ec09
3346.0295,10e0b1a
3610.048,825f82e
3511.7444,36ec75f
3271.8684,5c44e63
3071.7068,b1d5079
3019.9534,bfac58c
3359.3433,32ed6d9
3649.5608,0603693
3591.0383,6b558cd
3355.4985,147ec95
3153.4346,64aa92d
2928.8328,a0a9d7a
3124.4065,dcdc001
3605.6702,a18ece3
3424.1482,1fe26e3
3241.9358,fdd6e58
3065.3542,90139e8
2758.218,ef7872a
3248.7595,d5dad01
3491.5425,9946dcb
3659.0835,ba192a4
3439.6912,30594ee
3038.1672,73dbf80
2846.976,81f62cc
3271.5032,1a840e2
3613.8386,1f0d9a2
3741.075,279ceb6
3427.2356,cd533a9
3106.1582,f732341
2898.2917,b1538e9
3113.048,91381dd
3372.7517,b13c329
3574.7644,5be4eac
3474.0881,0d778d6
3173.0593,e2b4d12
3066.1091,d5ee15e
2704.4307,b276d2f
3195.4717,7dd279c
3649.5146,8bc6504
3457.0486,f6249b7
2912.8972,146f87b
2748.2068,e735eb0
2906.322,78b2f0a
3190.9075,7a3ae9f
3503.2942,28ab048
3397.6228,c0b6522
2983.862,c1ed5a6
2932.2947,07512bd
3502.8499,e80bb3a
3765.36,9c86129
4054.9211,7641d43
3965.0308,bef59f3
3702.4287,44f5ac4
3626.2988,ff22d89
3328.4841,9b6d40a
3604.9333,0327740
3987.7961,cee2534
3880.7664,c42b4b0
3472.5261,2682180
3363.9114,cdac913
3786.5334,81ecea1
4189.0483,202570d
4502.8164,6d2e5d3
4441.5933,39179bd
3981.6301,15d6cd4
4014.2185,211bdeb
3357.5764,0858bc6
3827.2532,52fb781
4356.083,97a189a
4263.995,c65e5f3
3727.1948,0cc5d62
3485.2932,4cedfa0
4275.3555,9a4f0da
4621.0547,758067e
5130.4688,373f815
5033.0034,1656a85
4454.3296,f186375
4166.12,0fcce05
3976.5652,df839da
4675.076,17d05bc
5399.366,8f5d747
5293.872,291476f
4554.9033,6f3b71d
4047.3508,a9f00b0
4140.7983,7e2ef73
5067.2705,cdf6ebe
5751.8237,a10ff6b
5658.478,86bb5c6
4887.701,2fa5f5c
4254.8037,d49f391
4351.781,dce0b4a
5325.3916,41ec8de
6049.6807,12beb6e
5944.1875,310c88e
5151.2207,892dff9
4517.627,34c9504
4731.287,d748f13
5654.2363,e7305df
6378.5264,9008347
6273.032,3984166
5511.701,e244a3b
4790.6333,67d0e68
4970.941,ddc0c16
5961.503,2917099
6685.7925,ee96249
6580.2983,6458da0
5799.121,cab4329
4997.4365,c612ad8
5302.4775,f7c6f4a
6297.6533,714bc92
7021.9434,f0f8ef7
6919.644,24f196f
6162.919,d464c4d
5306.1445,2111ded
5567.5625,90447f6
6511.88,8a45477
7236.1694,e41c19f
7130.6753,3ba5247
6353.915,a557385
5481.212,edbb756
5801.374,f534616
6646.0093,2c3fbd6
7338.033,9aa8707
7228.9463,d296134
6487.966,36fd48b
5621.367,81fe869
5355.325,0dc6806
6578.553,19dde9f
7454.4004,c06756e
7339.285,306ab9c
6363.657,4d95355
5456.423,99d8e14
5683.494,4bec631
6847.667,a7e2b7a
7780.689,3989101
7689.444,ee6e847
6729.504,65f1696
5890.1553,7f144a0
4969.1997,b0b4a5c
6196.3174,5f9233c
7068.2754,e78e219
6970.3555,05cda2c
6039.7666,97ecfb2
5214.6724,735d875
4229.718,5fe5a8f
5359.2783,9cfc21a
6290.1055,86a747c
6212.418,c2de459
5225.073,ec92559
4358.252,fe5a1e5
3954.8909,4c415fb
4094.7405,a50f8eb
3999.0017,240f20d
3653.5872,4181e6a
3458.5928,3ac8b27
3288.076,6d81480
3704.9963,a2b1b30
3801.7314,c06e9f7
3703.3237,1f4cf6c
3499.1167,704df48
3343.783,9d77a02
3144.864,0790d33
3471.0105,bee2efd
3888.6218,30ffc56
3869.78,b1ae419
3514.263,9b4c6f0
3445.8618,b38925f
3231.6062,dec975f
3231.211,0a3d251
3495.3699,858866e
3550.1418,8bbe43b
3390.8997,e828548
3201.5278,2db11a2
3113.0195,47709b4
2877.2422,736622e
3013.3406,51e5952
2945.3274,bd0ecaa
2772.3643,b753a4a
2682.4583,5b3c8c8
2567.6458,7b11908
3008.1145,a98ad23
3220.6833,d326051
3175.8691,a745822
2971.6934,36b27fb
2778.0881,4f12636
2631.1877,d7ae49c
2935.8394,433a27c
3134.7917,7fa16a8
3119.9163,cbcbf72
2927.7048,38d89c9
2755.0989,8b3476a
2728.4392,fe18309
2853.9226,da561e0
3057.4014,32c5c27
3084.024,0708807
2910.302,2ac5a21
2704.1587,469eec9
2716.398,205926c
2745.843,1b4b02e
2975.9988,09e8d4d
3069.7356,54e899a
2951.5886,61f72e8
2704.4072,bce61b1
2725.7944,d711b65
2792.015,95e7fcb
3027.4346,e98d067
3217.9448,c21c5bb
3160.3792,bc0b678
2867.1367,0449aba
2784.836,89c08a1
3138.7712,9756401
3370.052,439144d
3559.5295,a504c0d
3549.7185,da6913f
3319.8481,828265a
3203.6218,4b6a759
2688.7195,7008245
2944.301,4e248ee
3198.6145,decb6b7
3130.9817,44ffab8
2851.902,6bc64a1
2850.5256,9557352
3011.1877,d30ecdb
3255.0789,200b8b9
3592.2087,041ae90
3557.5073,6495764
3251.9045,f6d1b0c
3178.6223,718821f
3090.1667,489062d
3456.0256,2f53ee4
3812.644,89b253a
3737.645,7eddc56
3337.133,4f9084a
3131.8982,e822afe
3456.8599,1225e58
3943.5208,2aa34a5
4298.995,b162791
4229.35,c7674b1
3834.2449,f6d3080
3481.3137,edb66b2
3429.8684,7fd8eb3
3955.0164,dc6c665
4665.1104,5ac2240
4563.776,68e7c1b
3959.4236,39f5273
3563.0037,25de5fd
3405.5842,9e45b67
4014.6995,d49648b
4595.71,f7945ca
4591.9795,e44185c
4025.4973,05c92f5
3598.8254,36121fc
3825.1702,c47ea81
4455.3623,ac22e2d
5165.508,e389c95
5060.014,e28f102
4388.909,1e5f278
3883.3677,4ff57b0
4138.5396,935fe14
4866.559,71dba37
5589.0244,a4947af
5483.5303,81658b0
4807.971,f1b70c3
4262.1294,c7d0311
4129.7056,5f6fdf9
4868.6763,6358bcb
5649.41,dc2c210
5464.8237,d487799
4822.3745,a0ec1ec
4276.1665,9741237
4611.022,0c6e53a
5464.5947,2fa2ecd
6188.885,c60dc73
6083.3906,1f96b1e
5320.2573,ccb9dc3
4693.702,d313f7f
4853.7603,e7c5321
5781.7183,7a469d1
6506.008,a106f12
6400.514,3c8794e
5627.99,9452c04
4876.993,41e5970
4808.6104,d1f9c13
5792.6807,7fceafd
6516.97,2f67939
6411.476,57f2341
5619.1064,da4f849
4733.0825,a7f35cc
5396.922,afe54db
6398.7407,730fbf0
7123.03,2b76cd0
7017.535,1c92397
6234.923,8877960
5311.0186,798d73b
5570.121,b658c18
6563.486,03f17a5
7287.7754,4c3c763
7182.2812,9a8557b
6389.5806,78484f1
5481.3203,d54a013
5888.528,a875e99
6844.107,e3b6a82
7568.3965,eed4aab
7462.903,79cd5e6
6699.8193,b07b829
5851.383,a6b9536
5376.778,0d3b64f
6600.006,d118a01
7475.8535,084ce06
7360.7373,28f6841
6385.1094,13dd8f7
5477.8755,91d1b56
5827.4316,c96f566
7050.6597,eff8a89
7926.507,38be596
7811.391,38e7d7d
6835.763,26e4ddf
5928.529,f4895ec
5323.748,8fefd67
6546.976,3da57fe
7422.8228,e06476c
7307.708,b682d73
6342.8735,addba93
5448.867,2dce2e0
5345.1855,8c8082a
6562.8535,624e440
7437.995,06fc716
7344.007,32d6fc5
6405.92,35770ab
5534.373,735685a
3871.003,96ee029
4081.9998,e6b42f2
3938.1755,2ea36da
3738.2273,d565c88
3522.7122,a9fe301
3330.932,e1a9419
3885.8164,5d23b2f
4083.5696,a5073c8
3956.153,0bbcdfe
3709.7107,6b69ef8
3493.1091,9a2f45b
3357.0667,9d168a9
3768.9817,014308f
3990.2776,26f6b8d
3875.336,9191599
3637.4138,79da3a7
3405.4128,38e1114
3224.659,9a54285
3773.7458,1d9f4b7
3951.4465,c427d7e
3861.4563,91fff78
3650.1025,276f2f1
3446.5178,aff043a
3280.062,094bae8
3569.2551,1e7a661
3793.079,d753678
3742.7798,4d2b942
3526.063,8df40aa
3345.182,8dc5416
3170.2717,51c9dee
3577.6816,6534eb0
3875.5803,800b3d0
3829.8467,61792da
3562.656,ad16828
3370.5798,ff662e7
3137.1267,3ba1fe3
3548.2024,374d9da
3815.8147,a270e50
3783.362,a7e4111
3539.7434,2b07165
3352.2615,c14e234
3184.1135,911a2bc
3571.928,455f2bd
3836.6995,9862b91
3806.01,a4ead85
3597.2332,33f3723
3393.2424,4f595ce
3258.0408,8d626a4
3472.8186,4ac3b29
3742.3774,d3488d1
3744.0789,4809fe5
3516.247,0e59fdc
3378.7068,f5291d7
3220.1868,38ea141
3452.8726,31d8020
3720.884,c033f15
3780.2368,e7e8f1e
3636.7327,f25aba9
3436.6257,084c21e
3267.479,5e842b5
3448.1414,588c9fb
3668.5818,5c56f0a
3867.9622,3391ff5
3784.9893,3138aa7
3526.7068,cc513be
3412.8674,84a8162
3557.7961,cdf4212
3885.8752,a9ece56
4203.9375,f9f045d
4020.3357,329bc63
3626.024,e83ee55
3432.3435,7a18a6c
3428.3167,0d10924
3807.7014,11782c3
4242.3105,94e910b
4087.4534,6ec0680
3569.8323,96e2393
3399.1658,a0f8466
3374.5881,43b2f26
3747.1975,c358386
4278.1196,224369d
4161.9146,f867dee
3632.1504,8b13d9d
3501.8628,ab19bb6
3408.8816,a3c098d
3892.1428,82708a7
4509.21,9d4c2cd
4404.588,cfaa0b3
3757.4849,ad0ab0b
3548.589,925f592
3483.0994,409916c
4291.168,58625ce
4981.096,636d9c6
4861.968,3f00ae9
4088.202,9366c46
3747.665,2451df0
3671.7654,07ae02b
4548.569,0453654
5235.4277,17e543e
5116.299,75e3836
4347.12,1810182
3957.5618,4d06c09
3920.2632,ebad7c8
4848.633,887c7b7
5555.172,23b24fc
5436.044,976dd26
4633.1455,518aaa7
4172.8027,f3e1030
4168.7363,f518a45
5157.6445,826d6ad
5855.0327,c9c47d3
5735.9033,a9ec911
4936.3926,57105d7
4420.882,ff86e4a
4439.3896,fb47899
5468.159,787e874
6174.7104,8a13d97
6055.5815,657fbd7
5237.402,62ef600
4666.956,594fdd3
4702.404,ba239cc
5770.6436,824b137
6489.124,60261bf
6369.995,cfc7fe6
5540.3354,e375305
4910.947,c74e152
4947.6943,2e35fd0
6051.586,a7b7545
6753.3115,5b0c744
6634.1816,be17128
5815.0063,870abd7
5099.9453,98641e2
5232.8237,4988adc
6350.343,039ead1
7072.684,a5b8d1c
6953.5557,0dd4610
6110.7275,d57799f
5356.998,b465c3f
5431.9263,33b372c
6548.512,9710342
7270.562,3cd534a
7170.9844,7e9ed25
6342.08,4f2a13b
5498.454,40d6978
5644.7393,c5a3f8a
6772.925,a246851
7500.4507,43d8270
7395.3965,e70c95e
6556.455,f4cd58a
5709.837,c3dfa3f
5939.673,2f8d589
7000.8633,8dbf852
7725.1523,56758d5
7619.659,c13d521
6806.411,410c8cb
5963.0137,00b6fee
5337.503,0ae90e1
6560.7314,509a791
7436.578,44258d5
7321.463,ce30a99
6345.835,e6d33a1
5483.7324,0b9ee56
5452.003,d353ee9
6675.231,9db77e6
7551.0786,6b50feb
7435.9634,e49a028
6460.3354,313152e
5553.101,cb6feb7
5430.259,1e030c6
6653.487,55582fe
7529.3335,82b9cca
7414.2188,76e91a0
6438.59,88774d3
5531.3564,ce24274
5214.2886,adf42ab
6437.5166,cb16c38
7313.3633,f955cc5
7198.2485,132db5b
6231.9473,e21ed7d
5342.7305,5b33678
3689.138,19d3b31
3926.63,ea605ad
3737.378,e874368
3567.101,0282e47
3342.0154,aab0667
3148.0334,1bd65f2
3804.755,4e9f1d9
3963.5647,144200b
3835.6667,8a8ec8e
3625.8364,ec4d89f
3442.7434,891bade
3299.8042,578dff0
3837.6274,01fd8a5
4099.4946,f158041
3942.4294,79c335d
3769.8748,38d1050
3533.2869,590b3be
3296.3528,0d5fe27
3876.6687,fbde63d
4156.7764,2518119
4025.1423,51b37dc
3834.6628,85ec0b1
3591.1882,70e95da
3355.0198,c2f3a4c
3428.3533,172f224
3705.1912,444ce41
3611.5945,f50a77b
3425.9822,4e56f68
3240.3833,a5c1cd6
3026.887,bb911e6
3389.2288,50ffa86
3676.899,765e8ed
3599.261,35a9feb
3391.9587,b8f288f
3201.0547,fe87a92
2997.9915,70be8f4
3360.9753,bd1a5eb
3644.1208,3ddeb2b
3617.5198,7179de7
3433.7117,af54a6c
3209.4685,4dd0c2c
2996.5828,a25893f
3540.163,0a0f9ca
3831.618,e80b1ba
3814.8376,7ae15de
3650.4783,0394195
3400.0642,5310afa
3161.4546,cb31f03
3302.2998,59983af
3627.635,3784204
3763.1614,1517555
3595.8386,f8e83d4
3233.4248,11b5380
3063.928,3f32dc6
3318.8176,e48090e
3714.008,e82d2c2
3982.8303,5460b13
3811.632,43feaf1
3320.978,280897b
3123.4392,cc3a06b
2967.824,95651bd
3460.0698,c6fb268
3854.3945,e12d9ab
3759.994,9e4394c
3195.0269,4567526
2977.919,aa08c8c
3239.6973,29b91ee
3736.1885,8d7882f
4129.796,10c50cd
4010.8865,b70c7da
3401.0222,5c0e24c
3196.97,3ef51a0
3248.3406,59dc4ed
3865.3684,95d8916
4367.45,3e3e329
4242.3193,e0145d5
3571.5022,7902318
3255.5144,5bc5058
3342.1658,f1d7f29
3883.7737,96666d1
4460.419,2068f47
4341.9263,6e1bac9
3653.386,f008e38
3375.731,7bd3fee
3663.1252,4a518e9
4353.242,7205f48
4890.8745,1ef37f8
4787.0796,50e5708
4107.997,410c6d1
3686.1682,bd4a716
3446.821,fd360b2
4113.668,d3b2fe4
4758.534,0517fb8
4652.713,6846bb2
3934.5823,3ce88f8
3606.3323,21fb03d
4086.1697,aa759eb
4832.0615,ae8b1c5
5553.5947,9dac5b1
5448.1006,7262e2d
4652.9443,2b9cd7d
4077.7715,3d8f678
3831.5571,5e384fc
4677.4717,0a42816
5379.172,8462314
5260.043,34c0294
4503.2393,8445924
4092.7566,cfc41fb
4366.166,93cf5e6
5239.537,cbbc538
5951.4854,da2e8cc
5832.3564,48ec111
4996.7295,098573b
4409.676,c880733
4590.281,b013bb5
5525.116,cdff832
6239.5225,652f0ba
6120.3936,c9982df
5250.795,ea8e2d5
4618.245,4d2df7b
4842.674,0db6d8a
5915.96,7e01292
6620.294,a344a9a
6501.166,e230807
5677.2637,e921d0c
5061.004,6e32de1
5067.8545,87e7557
6158.847,2cab164
6879.8154,1dbe67b
6776.0684,108e107
5943.507,f9cc8af
5244.1055,05d778c
5633.2803,cb8ed54
6732.91,c0e620d
7457.2,d1896e3
7351.706,1714a32
6503.9854,c5f7054
5605.8223,9116a26
6077.019,bead506
7138.1777,d72ef2f
7862.0957,ab53540
7756.6016,cc81e52
6891.967,46fb275
5878.6816,258bda3
5656.2666,75056b1
6700.1416,924cfa3
7404.4863,e02ec3f
7304.9087,a640496
6442.4014,0c2e113
5433.8223,773c540
5298.376,e62ae69
6368.0454,b44771c
7088.576,c17fa26
6988.999,7abb3ce
6142.569,1cfef88
5273.8228,09fd704
5979.954,fb0ff34
7203.1816,c9e5879
8079.0283,ddbbe0f
7963.9136,02859f9
6988.285,df62cf1
6081.0513,602e4a5
5876.211,7f4ee36
7077.87,8ad46bb
7890.8257,73ba370
7777.638,5597a3c
6878.9434,559a98f
5953.1064,d87de6d
6021.4814,86ccad8
7244.7095,15ca298
8120.557,5374b6c
8005.4414,9fcef7c
7029.8135,725246e
6122.672,e551c6c
5129.5605,33673b5
6350.3213,a861ab8
7249.42,0fd1382
7134.584,cd4d8fc
6135.426,f8ddc33
5241.672,7b76349
3954.8909,aad4686
4094.7405,10f3298
3999.0017,a9db0f6
3653.5872,2c66d3e
3458.5928,9365d6e
3288.076,2a22f74
3689.3577,9afe837
3869.9749,01d4b1b
3728.321,48c107c
3512.473,3f159ca
3298.1296,79bc979
3168.9277,4b25ff1
3546.4294,2bc1ca7
3738.5447,3d8b7ae
3618.527,147f40f
3314.9314,79b5f15
3114.8206,f7d6045
2995.3003,5688a6d
3577.9978,823b683
3766.1038,06a7330
3650.908,8b931d9
3387.7803,6f57aff
3191.342,8563fd6
3056.284,a7a143f
3175.66,19d0d34
3371.7607,6c87db0
3231.8801,256e906
3138.274,954ba45
2989.122,9383922
2874.289,690288d
3250.9045,08ce0a1
3479.8545,d8cd0be
3341.0103,9a4dbf6
3239.113,f59e9f7
3113.7412,e1fdce3
2975.51,3830042
3269.5315,62ebe7d
3446.7385,cbc713b
3379.078,bd26358
3299.0828,4522ac5
3097.3691,3e2e53d
3119.4294,5bfe526
3432.9111,c45ae94
3649.938,5fc3c17
3609.956,19a2090
3532.8118,b94d829
3289.3035,3924b35
3311.5015,a926a6c
3419.1807,ff4a5b2
3622.9397,85c342b
3616.4211,ec4cc11
3535.8816,3d3ec5a
3292.0334,2febbd8
3329.3132,3541dbd
3382.9285,8932223
3618.0745,3fe61a0
3739.6047,61fab49
3651.6306,af291d0
3395.8022,7e298dc
3433.773,dc3b325
3598.7395,b32fced
3820.6277,07baf83
3994.054,582a237
3902.471,2d383d4
3623.1997,b9e5734
3688.6038,7c99675
3311.9387,ae5b88a
3508.017,31b410c
3630.672,d1f2e31
3568.4944,9825a1d
3348.4036,93224ad
3455.4204,1739237
3431.4387,cef2da7
3665.8875,b49c617
3895.3738,10716d9
3814.8638,b9072e5
3536.3953,4d3a4ca
3599.012,a04d335
3527.7864,fc8f640
3801.97,2536b48
4061.9827,07fab6b
4002.916,971e003
3717.071,543deac
3709.9897,bc62e9e
3776.598,1d0d2e7
4109.92,61b8ff7
4417.424,91dc46a
4353.494,e486aa3
4031.074,b83c82e
3970.6248,f4fd2b9
3992.2192,d3fa32a
4464.1123,f1753bd
4857.1978,2285709
4770.5615,a3f800a
4285.3633,d1256b1
4112.552,5edae9b
4260.202,0e4928d
4790.072,0b8a116
5294.761,a9576e4
5204.1943,cd2259c
4625.599,a2b2d5f
4353.713,f564b5a
3826.7087,df1f92b
4431.724,8a574fd
4994.877,56b32ad
4897.405,ff9b6fd
4245.07,4e8a29b
3931.725,fa4192d
4129.7393,750e824
4868.0674,c62f35b
5497.2554,5151326
5396.289,09d00a6
4676.527,0b839a8
4290.463,b99d9dd
4057.9954,ad79833
4873.5674,951d864
5514.4355,7364b8e
5424.419,26ae3a6
4685.323,6f24ce1
4243.592,47ddf45
4542.063,6466449
5567.8955,264e00f
6279.7324,bf379c8
6160.6035,1796833
5352.5527,160dbd0
4783.627,ba3a0de
4788.9854,fa2c517
5810.3936,2ddf577
6531.0615,2ab2478
6431.4844,a70d2f6
5606.5938,a1adc30
4919.121,d7ceda5
5158.858,77f1092
6251.663,a08ab5c
6974.3203,82ce9d0
6859.603,02120b8
6037.66,56c6550
5302.4434,08528c3
5301.1504,1453fab
6400.7764,0a2dc88
7129.41,17d53c7
7020.9414,e7f9451
6191.467,dee3633
5402.8354,7149ee0
5672.4365,344462c
6804.3057,bcea6a2
7530.668,6b7116b
7426.7783,e3f1683
6606.958,fe2e3ec
5778.6807,bef9d24
5873.033,1137128
6969.9893,a2390b2
7694.2793,0f2d21d
7588.785,3f09966
6773.515,fa4f1cc
5916.5596,934c6f4
4899.069,4ccfedd
6122.297,76069f6
6998.1436,dfd3bac
6883.029,3824322
5907.4004,6cfba41
5020.4785,c522607
5466.489,3476371
6684.157,456e1df
7540.201,5210401
7425.615,85e4533
6458.633,1319537
5571.291,bc62d65
5502.2275,13bcb63
6719.895,f554362
7574.7104,c5b616d
7463.1836,231c544
6523.423,410523d
5627.374,ce36239
5667.4175,b464ac7
6890.6455,39047ef
7766.493,dfc74dd
7651.3774,5c3ed23
6675.7495,733064b
5768.5146,0ce4876
3963.9084,ca07b84
4145.328,d8ec822
3972.5078,4d9c112
3781.5447,b2b25f1
3597.5535,72959a2
3425.0447,88aa79b
3898.7244,f1945cf
4085.1086,3ffaad9
3943.6243,c13e14f
3725.6763,76d2259
3535.661,f3f5529
3371.6716,76f6718
3705.1094,9b93a1f
3883.6829,6bc49a7
3767.6516,4af8122
3537.7097,1efc16c
3362.3435,b1e44d4
3208.4197,8b5e4e2
3561.5383,c2c591f
3756.368,e7a162f
3705.3066,10ba52d
3452.1187,10d32ac
3308.3752,ca3e136
3154.3506,316cbd0
3345.747,8a23c24
3514.8928,8d5b853
3464.4138,0a2cd0c
3210.7712,5fdc42b
3073.7,b064630
2954.511,ea3c261
3428.6167,042cab5
3656.3618,83cf39d
3634.9607,6ec619f
3378.2058,847291e
3189.7654,a9b2d2e
3043.3027,df341c1
3261.6943,6997b98
3481.5452,11a345a
3486.682,641751b
3235.9429,0d8b119
3047.902,41d10a7
2878.9585,0f563d5
3267.0845,79b5fde
3523.6511,abe14e9
3580.7937,4364de1
3353.0408,0fa47d8
3099.5378,5c0ad56
2907.26,2e5069d
3244.0425,87ae1bd
3511.7966,17e4432
3556.759,0f3e207
3355.6794,f7c8f9c
3141.1204,8f1b75f
2994.0012,462eb02
3029.4143,91fc878
3288.714,13ca696
3539.4973,8b515a3
3361.6409,3b315fa
3026.3958,817cda0
2888.429,e9aab6a
3116.8977,487e615
3404.472,ae202ce
3768.0134,2076f1f
3596.8958,1f10f9f
3191.316,ba617f1
3020.2742,4ac6b93
2878.463,9195948
3172.1575,e787e96
3602.5334,9f040f1
3494.6145,498ba95
2991.076,c042e5f
2903.9707,3695f25
2855.3037,249884a
3292.6672,c6f1140
3808.0935,aec2bae
3713.8508,a5a9cb9
3134.0066,8055426
2986.6042,d8798be
2912.5684,7094b1f
3421.595,3a8a323
3971.8694,dc23db3
3878.122,6e8448e
3217.218,19cdcb1
2971.698,78fda53
3157.032,f4b5807
3742.5007,7571b86
4400.8604,8952e48
4295.3657,363ea49
3646.7393,07bb007
3332.1277,bf7a3d2
3201.3127,c6e96b9
3854.1204,029abd3
4560.71,87b5335
4455.2153,c59f140
3729.0693,a5b3612
3381.8596,4358b08
3513.4368,963dc42
4272.3594,7dbe9bb
4994.7607,2803177
4889.2666,b6a72b0
4144.534,b73c127
3637.4768,67c95a1
3743.0994,18c237c
4551.5366,129e6b7
5255.019,504b9ec
5149.5254,7d0e48f
4380.4136,9e0924f
3884.8699,d6e1334
4046.5383,d931001
4912.6753,6765f10
5632.416,0a16f95
5526.9224,4278c26
4747.056,4aaf720
4200.1104,275c076
4438.5806,0be076d
5314.4893,5ab24e0
5965.5605,b701092
5878.8047,f5f2d1a
5136.3975,f331382
4585.662,6a08a86
5072.055,e891fe0
6103.9297,d659b12
6828.2188,d52aac6
6722.725,c785792
5886.327,a1f32a1
5076.635,3391a04
5302.084,b38592c
6313.8984,4d7af05
7035.376,b413654
6929.882,199acea
6090.927,0fdb282
5270.6465,bff0385
4720.535,b6fed3c
5753.006,4c93900
6460.3057,bf9c11d
6351.1235,3f40591
5507.7773,b0bb264
4728.1934,35046e9
5063.2065,3f9cf49
6121.1455,e8075cf
6833.4746,0bb399f
6727.9814,76c0573
5897.9116,1e59e27
5046.0615,4052119
5548.5107,43a8467
6629.1406,6a23f12
7353.4307,c431299
7247.9355,13a0905
6407.6436,67d0db9
5538.2607,97611ab
6229.3496,88d3c36
7270.667,2596b73
7994.956,ec35a35
7889.4634,2635bc9
7075.2793,dde993d
6259.592,793d0d5
5094.6104,f7e7a63
6317.838,6965785
7193.6855,1de243e
7078.5713,967b3d8
6102.9424,e224961
5212.544,dbccc5b
5398.7505,3a9eea6
6621.9775,11af392
7497.825,c052f32
7382.71,f3a46b3
6407.081,c209a88
5499.847,960505c
5405.324,05635d5
6622.9917,68c0dd4
7483.6396,228357b
7368.5244,941dba3
6397.4673,c54c1d3
5498.6143,df22d3d
5544.9277,f00606a
6768.1562,e608395
7644.003,1d3192e
7528.8887,2b9b8be
6553.26,b1c679f
5646.026,63c4a0b
3923.816,42f29b0
4165.293,78e98bd
3962.0808,15295ad
3794.2383,3ce7e3e
3578.5742,8fd86ff
3407.6418,e99c4d8
3826.0671,d75cdb3
4056.2444,ad7d6d1
3911.119,c409f6d
3703.2437,4d2280d
3494.1382,21d2232
3315.6829,469eea5
3693.6023,f0e52a8
3954.5024,9af871c
3846.4402,d61bb80
3617.4167,2a7b12e
3392.7039,2637495
3198.5173,b91ccad
3568.904,3c78600
3782.858,cf989d2
3680.6702,58f960b
3444.989,f7f57f3
3238.3696,a3168e9
3075.715,1a01304
3374.3064,3a1e941
3526.0017,5655a16
3387.9897,b065659
3232.7576,c0f217b
3123.5735,aea4037
2911.3733,4b6cfe0
3257.6252,453f921
3467.959,3b1287f
3385.1638,49d8033
3224.1326,cf6d83c
3097.797,287da2d
2870.4587,fac107e
3477.786,58ae89b
3759.4487,96349c9
3741.4065,55de014
3493.9368,94891ff
3261.1306,008f487
3081.3572,04fe67d
3447.527,f55a2fd
3688.401,301c87a
3645.6135,dc76b12
3466.7893,ab84194
3293.4197,a6c75af
3196.8745,a940806
3120.8386,8d2763e
3366.8057,66b9a17
3471.3386,54faab3
3345.5872,9991b8f
3116.6555,076adfb
3024.9426,13f814b
3429.9524,e1ee959
3668.2488,d0023f4
3711.3591,853ccab
3512.1367,68974dc
3304.4133,eee2846
3147.0176,528d0cb
3222.0513,d1cd117
3455.2327,d3c38de
3658.5786,bd1d46d
3577.6248,5434874
3298.3567,82f8cbf
3171.364,7ae412d
3322.557,a45810d
3573.8577,acb86b8
3823.7986,926bc05
3743.9036,66d7395
3409.8577,3246a39
3311.171,1348d83
3374.6172,1eb0113
3640.6858,cfd50cf
4041.0042,905d4e6
3952.5725,cc93ff3
3503.4287,52b8297
3423.1177,9d9460e
3234.1418,4bfb4ff
3588.4553,c570846
4093.7742,ec2e82d
3998.043,34adc31
3473.1794,aec00f3
3352.9998,43dbc99
3368.7678,3e68417
3860.6301,f128135
4287.3516,937e4b9
4201.3325,9bd88b6
3713.8904,873c1af
3506.574,f368d54
3146.5435,48f01a7
3834.5435,ff925cb
4427.1475,2e2537b
4336.1455,8da3633
3673.8313,bfe5290
3289.74,d3d389a
3221.6086,7346794
3928.4429,b8e6895
4632.1523,abd76b8
4526.6587,281155e
3856.7126,f04da5f
3402.685,9de728f
3734.6924,98bdd8b
4460.799,68f22d6
5162.6807,0ff81dc
5057.187,bedbd92
4367.9253,b6def68
3827.0413,b054821
3996.9993,286891e
4783.079,0a2a64a
5498.29,612223f
5392.7964,1427b76
4662.0747,d2d8728
4134.666,eddc888
4390.03,1f515f7
5223.8096,24fe1e0
5934.7036,efb8d2d
5829.21,4e1c1a4
5089.1987,3f9b29f
4489.5586,eb30fc6
4513.854,1eb7c9d
5478.0312,9a10420
6202.3203,a3729d0
6096.827,0190c85
5305.042,fd40b26
4648.987,ac71e61
4781.1846,3f52319
5758.8604,1d15011
6483.1504,c16c894
6377.6562,0adc155
5577.3413,a41d452
4819.953,8a939e6
5104.211,26fe70a
6095.42,4b10703
6819.7095,ded671f
6714.216,eb10b65
5915.421,9a965ba
5071.7266,d66830e
5411.877,1b570a5
6438.74,2bce4d6
7163.03,8bd820e
7057.535,a3f75eb
6269.248,d4087fd
5376.4355,7e8b887
5745.323,8d57147
6789.326,7ef10fb
7513.616,d082440
7408.1216,a5acafb
6590.5444,6561bc9
5648.337,578a996
5811.3213,b52b447
6799.802,992e619
7524.091,a42d999
7418.5967,c26803b
6631.634,79f7359
5723.94,27e367b
5841.178,0017549
7064.406,e58eece
7940.254,7e27572
7825.1377,1f5ae5f
6849.5107,b4f5199
5942.2764,df7fc9b
5493.411,1c8aadb
6716.6387,2895517
7592.4863,7edbed5
7477.371,06ab52f
6501.743,12bcb20
5594.509,b5f06e8
5416.4146,d7f5a3d
6622.2607,33f7a0e
7494.0576,18bf775
7378.9414,87f0da9
6403.3135,41b4f31
5518.211,adf80d1
5232.6006,4bd090a
6402.503,0a5a034
7266.6035,bec4416
7163.1455,0f65b08
6254.574,fffcf9a
5402.703,a02bf53
3890.905,c3b515c
4084.7754,9e50a77
3922.2957,57b5b80
3751.7004,fc6e179
3521.3486,07bc8f6
3343.1003,422b13a
3913.1482,6b29853
4120.935,4ec37d8
3971.7798,74bd6bf
3745.0017,128ddb1
3560.0364,13d90f5
3416.8865,cece060
3788.3606,535058e
4055.6682,71a3329
3834.66,dbdd3e7
3638.7485,40dc945
3447.11,39fd711
3298.291,3652263
3379.127,69e6111
3681.3381,0063e06
3469.863,e8d2563
3427.191,10459f1
3113.0486,a646bbb
3037.2688,c62c711
3436.8413,6ff2c69
3560.9407,ad6b15c
3386.2424,6b33995
3195.7537,77cd57a
3071.6626,6590e80
2894.7097,5847c88
3444.6162,898d2fe
3635.0095,105c682
3646.2773,19733da
3349.2805,ab307f3
3305.3577,9c09785
3168.1802,c19265e
3325.0012,92abe5c
3530.6077,2b9c992
3470.6675,b5eb6a5
3227.236,93971d8
3082.2786,8d4506c
2925.0344,766e91e
3176.2644,841fa55
3267.2803,2ab928a
3276.3293,b416078
3103.2349,c767e5a
2988.0347,9aa1cde
2844.0408,cb93004
3131.0315,6d53871
3241.193,f6d62fe
3383.5647,fbbc9a4
3240.4602,796e927
2965.2,4d4bfc8
2979.041,6222c93
3244.743,cdbf2b2
3412.7559,4902d8a
3540.8435,61b705b
3410.6448,0b6479b
3167.36,b8ec032
3110.5173,36f732b
5051.14,8a8f895
5448.286,5f02982
5608.877,a2d6f21
5536.257,7a3f4f6
5178.949,7e7a949
4936.5063,e99bce8
2335.6423,898cb31
2671.0212,7cd7536
2991.8635,b46a7b8
2910.6511,2f72370
2508.8381,34c7700
2483.4963,b479124
2987.944,3028800
3347.1238,a8f0cf7
3661.2913,729fc67
3583.981,56ec97d
3188.9268,e830de0
2972.6157,bb4d96b
2714.3445,eb90466
2933.0574,a68ed81
3279.011,726de47
3228.194,d79b69b
2894.3174,7168712
2751.3757,1d37eb3
3035.9353,3197923
3381.6191,1e58871
3923.9556,ce80219
3834.3987,804311f
3355.8992,56570a4
3106.1,fb06dfa
3185.3008,dce6bba
3826.4978,969c025
4504.2207,a3865a0
4403.461,73d834a
3721.2559,f656f7d
3321.8037,2c29355
3061.5698,97050ce
3753.0608,8c3ffce
4468.0195,0a33171
4377.9204,a8f6b94
3716.918,0d7b5ee
3211.8171,9066a17
3243.5183,ce539e2
3902.8025,9b7f73a
4588.719,e57cd26
4492.9297,1e5d5b4
3846.6707,c88fcc8
3265.3123,00efe8d
3678.3005,1cc9237
4219.5894,dee53b4
4857.289,8bcfa37
4767.058,79fe687
4162.211,cd40901
3604.5657,37c9b2e
3988.3616,53002c5
4755.856,be9e2e3
5454.4775,a31db4c
5348.984,9ec7bca
4662.895,3f091a5
3993.0225,833f05e
4329.763,ec9baa7
5287.2695,b5784c5
6011.5596,9aeeb14
5906.066,be961fa
5109.6514,d8812be
4405.155,54c6d7d
4654.4287,2291ae3
5583.007,b9ea5dc
6307.296,66824d9
6201.8027,5101cdc
5472.6177,63f7a2a
4921.619,37ea6dc
5140.056,09814df
6125.046,deac12c
6849.3354,6b1d235
6743.841,5f8763d
5986.629,489e146
5330.116,2843c63
5248.3926,684ff3d
6285.99,0ec214b
7010.2793,fb4849e
6904.7856,2157bd9
6110.677,d779573
5218.0083,311994f
5526.7524,61d1485
6533.1465,321f9e5
7257.436,214003a
7151.9424,848dc2d
6349.1104,0a06752
5480.813,2f65a33
5823.5312,2840b5b
6750.1113,7f039da
7468.4917,fefc381
7362.998,61c9c81
6586.078,f4a5745
5712.5293,0e654c5
5592.383,ee6f6eb
6815.6113,9a3f8c1
7691.458,45e03aa
7576.343,7c5faab
6600.715,302f462
5693.4805,93d76c9
5960.0693,e660c55
7183.297,266b4db
8059.1445,0d80bcc
7944.03,f882a6e
6968.4014,1498713
6067.6396,6d7804c
5851.285,0a2f751
7074.513,e663bb8
7950.3604,06c9d58
7835.245,828bf88
6859.6167,f937de0
5952.383,865b663
5113.3413,72af826
6343.0684,93f234b
7236.629,b73dba8
7151.38,fb01f15
6185.5723,fb83293
5304.9297,6371c29
3821.9385,c1ec04c
4033.543,f8fb891
3892.0488,6e7deba
3670.9207,ce26033
3471.8704,16ee019
3299.3765,18cb76f
3835.5745,0a45ef6
3991.0413,5481d70
3861.0854,e5bc985
3654.637,ab95a6e
3473.1472,e4f5145
3343.5325,1a98c08
3781.681,7f8b784
3999.5662,9294f9f
3885.7542,6ade978
3618.994,1e25a6c
3388.4897,7b78a9a
3241.809,eea96d6
3747.0767,ad68362
3922.2607,e67acd7
3831.3513,16542a6
3622.409,0bfcb8f
3425.639,b2a42c2
3259.519,ef0e377
3450.915,3fe38e6
3631.3853,af4ac8b
3566.008,c76ae64
3364.774,9834953
3224.6697,c791eab
3092.2747,71ef191
3623.8953,4f6dc13
3862.8372,d80935c
3832.3806,6ccb914
3553.2769,5528830
3379.6287,3f48f48
3165.6829,6270639
3559.265,4905448
3823.6711,a736682
3792.1663,abd9a71
3553.3015,3970330
3377.5872,5da3428
3220.5403,e7b8a3c
3473.5432,49f9a84
3747.1238,0dbf2e6
3731.3938,b22c335
3503.9734,d2744d9
3319.0457,6577bab
3202.3137,d6736e0
3409.1775,7abfd74
3687.4817,39e624a
3719.1155,5a5b4ad
3546.3806,4858e94
3347.6218,623e349
3195.4758,74ec7e8
3356.3564,43fa93f
3573.1985,b10afb7
3669.9736,a83a810
3550.619,dbfe6fa
3354.7036,682a568
3233.5232,e37fe2c
3309.9016,1f3c4ff
3530.012,47dc703
3734.222,9e1b1d5
3624.716,5ed5592
3386.4878,559a634
3279.9343,9fbd373
3480.6743,8d957c5
3795.8154,1f568ee
4138.0396,bf13221
3959.2341,67075c7
3556.1282,66f10bb
3377.5012,4f43c5c
3550.784,2f2beea
3907.0442,27a2cb3
4351.2305,2d5c502
4188.95,6e37c86
3698.6306,6812620
3507.7205,4a19958
3607.2312,2837f07
4090.139,782ea28
4639.672,d11025f
4502.1816,f1f23f1
3854.3752,498cf53
3607.5227,1bf31bc
3652.2036,95a66d8
4295.0107,51c96d6
4907.9297,6697bcc
4794.581,0e41597
4064.7473,7eff245
3748.2546,645f055
3798.75,76f9590
4571.299,fd5ecec
5221.698,c3ec5cc
5117.075,42721b4
4399.1167,a916426
4105.1455,cedda4b
3800.2175,7d678fd
4700.009,c8456cd
5353.226,dc549e7
5248.6035,52a95bb
4458.4707,ef884a0
4008.9468,067a56b
4025.7673,8e75c94
4983.1465,12adb8e
5657.076,4c01878
5532.698,7544d92
4748.5083,d5c3a92
4241.8184,5c3253f
4206.1895,619f2e0
5212.0713,876729b
5903.328,d616fc6
5784.199,d031cd2
4984.4956,a24bb2b
4468.3804,56ee61c
4455.2637,98f7a79
5486.9136,3a72da1
6189.276,d9b3050
6070.1465,46642ae
5257.1016,e3d9385
4699.765,af65a72
4801.307,70511ba
5866.126,735882f
6586.008,f7a953b
6466.879,d77fb16
5635.346,c509184
5037.664,3f3a4ba
5005.787,9e9b678
6108.283,4392545
6836.3594,c52a1b2
6721.533,c48e539
5882.198,f2b4e21
5184.4067,fef3e38
5270.3574,301016b
6394.881,9497f93
7111.0566,3892640
6991.9277,0143eff
6142.9893,bbf4b35
5388.204,4ec96b1
5496.0957,e4c63d7
6603.3525,320255a
7315.905,efc3db4
7216.3276,52e1922
6368.2007,49f0441
5526.4424,aef3584
5921.7207,a2e710c
7074.485,9a432f5
7800.0815,cafdd1f
7696.958,61ae97e
6835.5166,9006ea1
5888.2437,2cf084d
6013.157,7aa61fb
7144.216,a196652
7868.506,111379d
7763.729,17ac035
6908.586,218ec00
5956.8984,b5eaa0f
5303.6777,be157ec
6526.9062,7dab409
7402.753,e28a0c5
7287.6387,e9313de
6312.01,081abaf
5404.7754,0e65a8e
5796.3594,92f382f
7019.5874,9bc19d7
7895.4346,35754eb
7780.3203,d89abc0
6804.6914,1a074c5
5897.457,ed9dbde
5838.0186,96e38da
7061.246,dc6074c
7937.0933,4e98592
7821.9785,9b82755
6846.35,e2d6ce0
5941.8467,c90eeb9
4967.276,9071c79
6178.3174,c3fd649
7048.034,bf45e9c
6932.919,afe032e
5982.8887,56bbd9b
5111.823,05abb40
